노래명	장르명	BPM	alias-1	alias-2	memo
A	RENAISSANCE	93–191			
A Certified Rave Moment	MULTIGENRE	165			
A MINSTREL ～ver. short-scape～	LA FABELO	114			CHORD 조심
A Tale Hidden In The Abyss	COMMENT OUT	216			
A-JAX (3-WAY MIX)	GAME MUSIC	62–224			
AA	RENAISSANCE	154			
AA -rebuild-	RENAISSANCE	154			
Abraxas	DUBSTEP	165			
ABSOLUTE	EPIC TRANCE	60–144			
ABSOLUTE (kors k Remix)	IIDX ANTHEM REVIVAL	160			
ABSOLUTE EVIL	EUPHORIC FRENCHCORE	200			
abstract	BIG BEAT	125			
ACCELERATE	SYNTH-TECH	153			
Acid Pumper	HARD DANCE	150			
ACID VISION	LIQUID FUNK DRUM & BASS	182			
Acidiva 303	HARD DANCE	150			
ACT	RAVE	180			
ACTØ	NEOTRANCE CORE	185			
ADAMANT	HARDCORE	200			
Adularia	ARTCORE	180			
ADVANCE	ELECTRONICA	100			
Advent Infamous	NEO DIGITAL FUTURE	150			
Aegis	TECHNO	162			
Aerial Skydive	DRUM & BASS	175			
Aeterna	UNSUNG FANTASIA	180			
Affection	HARD DANCE	150			
AFRO KNUCKLE	AFRO-SAMBA	145			
Afterimage d'automne	ASYMMETRY ART	232			
Aftermath	ROCK	200			
AGAiN	HARDCORE	174			
AGEHA	HAPPY HARDCORE	180			
AGETEKE ONDO	JAPANESE OMATSURI ROCK	164			
Agnus Dei	GOTHIC METAL	70–168			
Ah Hah Yeah	UPTEMPO RAW	115–230			
Air Bell	FLOW POP	171			
AIR RAID FROM THA UNDAGROUND	SPEEDCORE	유비트 리플즈 어펜드			
airflow	INSTRUMENTAL	40–148			
airflow -dreaming of the sky-	ROCK FUSION	40–148			
AKASHIC BREAK	LAPLACE CORE	205			
ALBA -黎明-	HYPER GOTHIC BEAT	165			
ALBIDA	HARD RENAISSANCE	185			
ALFARSHEAR 双神威に廻る夢	HYPER J-POP SEVEN	170			
ALIEN TEMPLE	PSYCHEDELIC TRANCE	145			
ALIEN WORLD	PSYCHEDELIC TRANCE	145			
ALL I NEED YOUR LOVE	HARD CORE	145			
All is Wrecked	INDUSTRIAL METAL	170			
ALL MY TURN -このターンに、オレの全てを賭ける-	ONLY ONE EURO BEAT	170			
ALL OK!!	HYPER POP / BREAKCORE	183			
ALL RIGHT	DRUM'N'BASS	180			
alla turca con passione	NATURAL SOUND	140			
Almace	TECHNO	172			
Almagest	AKASHIC RECORDS	178			
Alpheratz	PIANO TRANCE	154			
ALTERNATOR	IRREGULAR OMNIBUS HARDCORE	185			
Always We Trust In You	EMOTIONAL HAPPY EUPHORIA	190			
Amabie	ORIENTAL FUTURE BASS	168			
Amazing Mirage	HiTECH FULLON	153			
Ambivalent Vermilia	HARD RENAISSANCE	185			
Ambush Ace	ELECTRO FUSION	158			
Amethyst	TRANCE	155			
AMICABLE	FUTURE POP	158			
Amnolys	ART CORE	140–180			
Amor∞Fati	PIANO DANCE APPASSIONATO	170			
Amor De Verão	熱帯 THE BASS	138			
AMRITA -不滅ノ花-	ORIENTAL TRANCE	152			
ANAGMA	PSY TECH DANCE	150			
ANAGRAMS I to Y	DANCE POP	180			
ANCHOR	STYLISH CROSSOVER	180			
Ancient Scapes	DYNASTIC FREEFORM	178			
And-RoiD	J-POP	173			
ANDROMEDA	PSYCHEDELIC GOA TRANCE	150			
ANDROMEDA II	PSYCHEDELIC SYNTH TRANCE	150			
ANEMONE	EMOTIONAL J-POP	174			
Angel's Ladder	PIANO TECH	155			
Angelic Jelly	HAPPY で HARDCORE	200			
Angels & Demons	DRUM & BASS	174			
Anisakis-somatic mutation type "Forza"-	HARD RENAISSANCE	185			
Answer	STARPOP	156			
ANTHEM LANDING	LATIN TEK	151			
anthracene	HYPER EUROBEATECHNO	175			
Antigravity	HARDCORE DANCE SPEED	222			
AO-1	DANCE EXPRESS	195			
AO-∞	DANCE SPEED	191	AO-infinity		
apo:llioth	HARDCORE	200			
Apocalypse	EPIC D'N'B	165			
Apocalypse ~dirge of swans~	ORATORIO	170			
Aqvion	AQUATIC TECHCORE	175			
Arabian Rave Night	ARABIC HARDCORE	180			
Arca	GENESIS	185			
Arcana	UPLIFTING TRANCE	143			
Arcanos	NOSTALGIC ARTCORE	96			
Ariah	UNSUNG REQUIEM	198			
Arkadia	FREEFORM HARDCORE	180			
Around the Future	CYBERCORE	162			
Smashing Wedge	HARDCORE	215			
As You Want	CYBER LIQUID FUNK	177			
Ascalon	ELECTRO POP	185			
AsiaN distractive	WORLD	132–157			
ASIAN VIRTUAL REALITIES (MELTING TOGETHER IN DAZZLING DARKNESS)	BIG BEAT	150			
Astra Blaze	DRUMSTEP	168			
ASTRAL VOYAGE	DREAM TECHNO	136			
Astrogazer	PROGRESSIVE EDM	150–155			
ATOMIC AGE	ENSEMBLE	130			
Atröpøs	NEUTRONIKA	182			
Attitude	TRANCE	145			
Aublia	POST J-TRADITIONAL	156			
Aurora	TRANCE CORE	181			
avant-guerre	CLASSICAL PIANO SOLO	130–146			
AVE DE RAPINA	ALTERNATIVE HOUSE	125			
AWA AWA	BOSSA NA NOKA	95–165			
awakening	TRANCE	143			
ay carumba!!!!	NUSTYLE GABBA	180			
B.O.D.Y.	HARD BODY MUSIC	157			
B4U	SPEED RAVE	155			
B4U(BEMANI FOR YOU MIX)	RECKLESS RAVE	155			CHORD 조심
BabeL ~Grand Story~	SPIRAL STAIRS	163			
BABY LOVE	ITALO POP	160			
Back Into The Light	2STEP POP TRANCE	144			
Back Into The Light -Feelings Won't Fade Vocal Mix-	TRANCE	144			
Back Spin Sweeper	WAGON WHEEL TRANCE	155			
Back to the Dance Floor	TRIBAL LOUNGE	126			
Backyard Stars	FUTURE BASS	175			
BAD BOY BASS!! (dj Remo-con MIX)	NRG	148			
Bad Encryption	NEO INDUSTRIAL	200			
Bad Maniacs	INDUSTRIAL	195			
Bad Routine	FILTER HOUSE	130			
bag	SPIRITUAL	65			
Bahram Attack -猫叉Master Remix-	HOUSE	155			
BALLAD FOR YOU 〜想いの雨〜	BALLAD	65			
BALLAD THE FEATHERS	CELTIC REEL	132			
Bang Bang Dance	HARD DANCE	156			
Bang-Boo Bumble	BANGIN' TECHNO	165			
Banger Banger Banger Banger	EARLY RAVE	190			
bass 2 bass	BUBBLEGUM DANCE	140			
Battle Train -IIDX Edition-	HARD DANCE	160			
Battleground	SCHRANZ	165			
BattleRoyal	DUBSTEP	150			
Be a Hero!	DIGITAL THRASH PUNK	190			
Be A Star	ALTERNATIVE TECHNO POP	174			
Be OK	EUROBEAT	148			
Be quiet	HARD DANCE	150			
Be Rock U (1998 burst style)	ULTRA ROCK BEAT	150			
Beast mode	SPEED EURO	195			
Beastie Starter	SPEEDCORE	190			
Beat Juggling Mix	DJ BATTLE	66–198			
BEAT PRISONER	PRIME BIG BEAT	155			CHARGE 조심
Beat Radiance	NEO CLASSICAL DANCE	192			CHORD 조심
beatAffection	BEAT MUSIC	190			
beatchic☆仮面 ~好き、でいさせて~	E-DANCE POP	175			
beatonic nation	TECH-TRONICA	165			
BEAUTIFUL ANGEL	DRUM'N'BASS	172			
Beautiful Harmony (IIDX Mix)	PROGRESSIVE TRANCE	135			
Begin	PSY-TRANCE	170			
Beginning of life	AMBIENT	110			
Beginning of life(THE GROUND PULSE MIX)	TECHNO	140			
being torn the sky	ELECTRO POP	102			
Believe In Me	HARDCORE	170			
Believe in You	HARDCORE RAVE	175			
BEMANI PRO LEAGUE Theme	BPL EDM	134			
Best of Me	CYBER LIQUID FUNK	177			
Beyond Evolution	CULMINATION	185			PEAK 조심
Beyond The Seven	TRANCE	142			
BIGソムタム	DRUM STEP	187			
BIGWAVERS	EMOTIONAL HARDCORE SUMMERS	177			
Binary Black Hole	BLACK OUT	190			PEAK 조심
Biometrics Warrior	RAGGACORE	215			
bit mania	テクノ歌謡	160			
BitRacer	FM JAZZY TECH	132–158			
Bitter & Lucky	NU SYNTH BASS	135–180			
BITTER CHOCOLATE STRIKER	JUMPSTYLE	165			
Black Apple	ELEGANT MODERN ROCK	174			
BLACK JACKAL	DANCE MUSIC	150			
BLACK or WHITE?	SYMPHONIC SPEED SCHRANZ	185			
BLACK.by X-Cross Fade	TECH-BREAKBEATS	163			SCRATCH 조심
Blame	EUROBEAT	155			
Blaze it UP!	HARDCORE RAVE	175			
BLAZING_LAZER	BURNING RAVE	191			
Blind Justice ~Torn souls, Hurt Faiths~	EPIC POETRY	137–165			
Bling-Bang-Bang-Born	IIDX EDITION	157			SCRATCH 조심
BLOCKS	TRANCE	141			
Bloody Tears(IIDX EDITION)	HARD RENAISSANCE	170			
bloomin' feeling	HAPPY HARDCORE	181			
BLO§OM	BLOOM TRANCE	158			
Blown My Heart Away	80's EUROBEAT	124			
Blue Bird feat. Kanae Asaba	LATIN FUSION POP	134			
BLUE DRAGON(雷龍Remix IIDX)	RAVERS DANCE SPEED	188			
BLUE MIRAGE	NU STYLE GABBER	170			
Blue Rain	TRANCE	144			
Blue Spring Express	DREAM CORE	172			
BLUE STRAGGLER	HARD DANCE	160			
Blueberry Stream	HOUSE	138			
bluemoon	LATIN HORNS GROOVE	140			
BLUST OF WIND	CROSSOVER HOUSE	145			
BOOM BOOM DISCO NIGHT	EUROBEAT	180			
Boomy and The Boost	NEO JUNGLE	174			
Bounce Bounce Bounce	DANCEHALL	116			
Boundary	ROCOCO TEK	160			
Bow shock!!	JAZZ PIANO TRANCE	165			
Brahma	TOKYO STYLE SPEEDCORE	400			
BRAINSTORM	TRANCECORE MEETS GABBA	180			
BRAVE GLOW	SPACY TRANCE	160			
BRAVE OUT	ELECTRANCE	150			
Brave Spirits	MELODIC RIDDIM	152			
Brazilian Fire	LATIN HOUSE	130			
BREAK OVER	FESTIVAL SOUND	106–150			
Break Stasis	DRUMSTEP/HARDCORE	184			
Breakin' Chain	MOOMBAHCORE	206			
Breakin' Rules	CYBER PUNK	170			
Breaking Dawn feat. NO+CHIN, AYANO	J-CORE	186			
Breaking the ground	HARDCORE	166			
BREATH	ROCOCO TEK	160			
BREEDING	TECHNO	150			
BRIDAL FESTIVAL !!!	HAPPY ☆ JIG	138			
BRIGHTNESS DARKNESS	ROCOCO TEK	150			
BRILLIANT 2U	EURO GROOVE	150			
BRING HER DOWN	TRIBAL BASS	132			
Bring The Fire	SPEED RAVE	160			
Broadbanded	TRANCE	140			
BroGamer	SUPER ULTIMATE HYPER CORE	207			CHORD 조심
Broken	TRANCE	148			
BROKEN EDEN	SYMPHONIC-TEK	162			
Broken My Heart	HYPER EUROBEAT	160			
Broken Sword	DUAL ANTIQUE	160			
Buffalo	ROCK	108			
Burnin' The Floor	EURO GROOVE	155			
Burning Flame	HYPER TECHNO	165			
Burning Heat! (Full Option Mix)	12BEAT	166			
Butterfly Twist	SPEED HOUSE	160			
C-C-C-N-N-N	ELECTRONICORE	162–180			
CADENZA	PSYCHEDELIC TRANCE	160			
Caldwell 99	STARRY BASS HOUSE	142			
CALL	WORLD/ELECTRONICA	158			CHARGE 조심
Calvados Queen	JAZZ ROCK	220			
CAN'T STOP FALLIN' IN LOVE	HYPER EUROBEAT	155			
Candy Galy	HAPPY	184			
Cansei de S NIK	FIDGET HOUSE	137			
Captivate〜誓い〜	NOSTALISH REQUIEM	160			
CaptivAte～浄化～	NOSTALISH REQUIEM	160			
CaptivAte 〜裁き〜	NOSTALISH REQUIEM	180			
Caramel Pain	J-POP	130			
Carmina	SYMPHONIC TRANCECORE	195			
CARNIVOROUS	GIRL'S EUROBEAT	170			
CARRY ON NIGHT (English version)	EUROBEAT	158			
Carry Me Away	FUTURE CORE	175			
Castle on the Moon	DANCE SPEED	191			
Catch Me	ACID JAZZ	115			
Catch Our Fire!	MARVELOUS CHEER	190			
Catch ya Getcha!	PSY KECAK STYLE	156			
Caterpillar	HARD TRAP	170			
CELEBRATE NITE	EURO GROOVE	144			
Central Station	FUTURE BASS	158			
Chain of pain	FULL ON	153			
Change the World	SPEED POP	286			
Change Yourself	TRANCE	155			
Changes	BALLAD	70			
chaos eater -IIDX edition-	HARD STEP	105–210 (코어 BPM: 210)			
CHAOTIC SUNBIRD	ULTRA SAM-BASS	163			
Chaotoxin	HELETIC BREAK D'n'B	180			
chaplet -IIDX re:build-	FUTURISTIC 12 BEAT	200			
CHARLOTTE	FRENCH BOSSA	150			
ChaserXX	CYBERNETICS PIANO HOUSE	140			
Chasing After YOU ~夢の欠片~ ft. 小林マナ	Y2K 2000 J-POP DANCE	150			
CHECKING YOU OUT	HIP HOP	108–216			
Cheer Train	BIG BEAT	120			
Chemical Colours	COLOUR TECHCORE	175			
Chemical Cookie	FUTURE BASS	180			
Chewingood!!!	CHIP RAVE	190			
Chocolate Dancing	TRIP-POP	90			
CHOCOLATE PHILOSOPHY	SWING WALTZ	220			
Chocolate Planet	HAPPY CHOCO CORE	185			
chrono diver -fragment-	HEALING DRUM'N'BASS	185			
CHRONO DIVER -NORNIR-	CYBER DRUM & BASS	185			CHORD 조심
Chrono Diver -PENDULUMs-	CHRONO BREAKS	196			
Chronos	PROGRESSIVE	128			
Chronoxia	WONDER QUEST	180			
cinder	MAELSTROM	216			
City Never Sleeps (IIDX Edition)	DRUM&BASS	178			
Claiomh Solais	ILUZIO	165			
Cleopatrysm	PHARAO BEAM STEP	190			
Click Again	CLICK HOUSE	137			
Clione	DUTCH TRANCE	148			
Close my Eyes for Me	AMERICA	132–145			
Close the World feat.a☆ru	J-CORE	188			
CLOUDY MUSIC	DRUM'N'BASS	190			
CODE -CRiMSON-	NRG SCHRANZ	167			
CODE:Ø	BIG BEAT	125			
CODE:1 [revision1.0.1]	TECHNO	145			
CODE:2	HARD TECHNO	155			
Cold Moon	MOON CORE	202			
Cold Pulse	TECHNO	142			
COLOR BURST	COLOR DANCE POP	170			
Colorful Cookie	HAPPY HARDCORE	180			
Colors (radio edit)	TRANCE	150			
COLOSSEUM	LOST GROUND	140			
CoMAAAAAAA	UPLIFTING ETHNIC	150			
Comment te dire adieu	BOSSA LOUNGE	160			
CONCEPTUAL	HARD REVOLUTION	198			
Concertino in Blue	PROGRESSIVE	103–155			
concon	HARD ELECTRIC POP	190			
Confiserie	HARD ELECTRIC POP	185			
CONNECT-	EPIC TRANCE	150			
connective	LOUNGE POP	128			
Constellation	UPLIFTING TRANCE	140			
CONTRACT	SUBLIME TECHNO	180			
Cookie Bouquets	BREAK CORE	205			
Cosmic Cat	FUTURE BASS	151			
COSMIC CYBER	BIGCORE	170			
COSMIC RAY	BIGCORE	195			
COSMIC V3LOCITY	UCHIAGE CORE	200			
COSMIC☆WONDER☆REVOLUTION	COSMIC POP	152			
Cosy Catastrophe	DRUMSTEP	90–360			
Countdown to Heaven or Hell	TECH TRANCE	155			
COUNTING SHEEP ft. Kanae Asaba	SYMPHONIC DRUM'N'BASS	152			
Cradle	HEALIN' HARDCORE	160–188			
Cranberry City ft. Luschel	GARAGE	138			
Crank It	BASS HOUSE	160			
Crazy Jackpot	UK HARDCORE	170			
Crazy K.I.N.O.	MIXTURE	145			
crew	난이도별 상이	150/152/155			
Critical Crystal	DANCE SPEED	191			
Cross Fire	CROSSOVER	180			
CROSSROAD ~Left Story~	DRAMATIC EURO TRANCE	170			
CUE CUE RESCUE	EMERGENCY CORE	160			
Cult Invitation	00's TECHNO	164			
Cyber Force	CYBORG TRANCE	146			
Cyber True Color	DREAM COLLABORATION	150			
CyberConnect	HARD DANCE	150			
D	NEXT SKOOL BREAKBEATS HARDCORE	30–240			
D.A.N.C.E.!	J-POP	116			
D.C.fish	TECHNO	155			
D2R	HYPER ROCK BEAT	160			
Dahlia	HARD RENAISSANCE	185			
Daily Lunch Special	ラッキーハードコア	205			
Daisuke	EUROBEAT	157			
Damage Per Second	CYBER DRUMSTEP	177			
DANCER	NU SKOOL	145–149			
Dances with Snow Fairies	トレンディートランス	154			
Dancin' Into The Night	DISCO	140			
Dans la nuit de l'éternité	POLONAISE	244			
Danza Aestas	CONTEMPORARY SALSA	150			
Dark Fall	MASSIVE DANCE SPEED	202			
DARK LEGACY	DARK ELEMENT	196			
Darling my LUV	J-R&B	100			
dAuntl3ss	HARDER DANCE MUSIC	166			
DAWN -THE NEXT ENDEAVOUR-	DRUM & BASS	183			
Dawn Saga	CELTIC TRANCE STEP	185			
DAY DREAM	DARK PROGRESSIVE	80–300			
DAYDREAMER	GIRLY ROCK	195			
DAZZLE ATTACK	HAPPY HARDCORE TAKEOVER	175			
Dazzlin' Darlin	HANDZ UP	149			
Dazzlin' Darlin-秋葉工房mix-	EUROBEAT	149			
DEADHEAT	HARDCORE	200			
DEATH†ZIGOQ 〜怒りの高速爆走野郎〜	世紀末コア	200			NOTES 조심
Debtty Daddy	ETHNO HARDCORE	155			
Deceive Your Insight	PIECED ROCK	190			
deep in you	DANCE POP	126			
Deep Sea Mystery	NEO 90's AMBIENT JUNGLE	172			
Demon March	CINEMATIC BREAKCORE	174			
DENJIN AKATSUKINI TAORERU -SF PureAnalogSynth Mix-	PSYCHE TRANCE	165			
Derelict Star feat. Ryu*	HARD DANCE	150			
DESIRE	UK HARDCORE	184			
desolation	PIANO BALLADE	72			
Despair of ELFERIA	HARD IRISH SYMPHONIC	205			CHORD 조심
destination	TRANCECORE	175			
DESTINY	HYPER EUROBEAT	155			
Destiny lovers	J-POP	170			
Destiny Sword	ELECTRIC STEP	155			
Devil's Gear	MAINSTREAM HARDCORE	180			
Devilz Sacrifice -贖罪の羊-	SYMPHONIC BREAK BEATS	175			
Devilz Staircase	SYMPHONIC BREAK BEATS	185			
diagram	GLITCH HOP	112			
DIAMOND CROSSING	HARD ELECTRIC POP	180			CHARGE 조심
DIAMOND JACKAL	ENIGMATIC BASS HARDCORE	115–230			
DIAVOLO	TRANSCENDENTAL ETUDES	160			
dica dica	ACID RAVE	175			
Digital MinD (A/T Libra mix)	MINIMAL	155			
Digital Radiance	COLOUR TECH	166			
Digital Skipper	HYBRID	150			
Digitank System	TECH-BREAKBEATS	128			
DISAPPEAR feat.koyomin	EMOTIONAL HI-TECH	145			
Discloze	Hi-TECH PSYTRANCE	128–145			
Disco Killer Music Lover	HARDCORE RAVE	175			
dissolve	TRANCE	140			
DISPARATE	CYBERPUNK	200			
Distress	MIXTURE	125			
DIVE ~INTO YOUR HEART~	HYPER TRANCE EURO BEAT	155			
Divine Heaven	BIG ANTHEM	150			
DIVINE JUDGEMENT	SYMPHONIC BREAK BEATS	190			
diving money	DRUM'N BASS DRUMN BASS	150			
DM STAR ~関西 energy style~	SPEED RAVE	166			
Do Back Burn	ELECTRO	136			
Do it!! Do it!!	N-BEATS	300			
do the thing feat. Kanae Asaba	EDM	135			
Do What You Want	FUTURE BASS	160			
DO-IT-AMA-SITE!!!	YOU'RE WELCOME DANCE	135			
DoLL	HYPER J-POP FOUR	170			
DOMINION	HARDCORE	196			
Don't be afraid myself	J-POP	165			
Don't believe the hype	MIXTURE	210			
Don't let it go	J-POP REMIX	160			
Don't Stop The Music feat.森高千里	J-POP	110.0			
Don't Stop The Music feat. Kanae Asaba	ELECTRO FUNK	110.0			
Don't Stop!	HAPPY HANDBAG	130			
Donkey Donk	DONK	155			
DORNWALD 〜Junge〜	ARCHAIC TALE EP1	169			
Double Dribble	FUNKY GABBER	210			
Double♡♡Loving Heart	J-POP	138			
double thrash	BATTLE2005	166			
Dr. Chemical & Killing Machine	INDUSTRIAL TECHNO	165			
Dr.LOVE	DANCE POP	123			
Drastic Dramatic	8BARS	166			
DREAM OF SPACE UFO ABDUCTION	ABDUCTION BEAT	140			
Dreamin Train	J-CORE EXPRESS	158			
Dreamin' Sun	ELECTRO POP	152			
Dreaming Dream	DANCE POP	140			
Dreaming Sweetness	SCOUSE HOUSE	140			
Dreamship	ELECTRO POP	140			
Drive Me Crazy	AKIBA RAVE	180			
Driver	BIGROOM D&B	174			
DROP	WHITE SEQUENCE	152			
Drop It	DUBSTEP/MMETAL/DJENT	155			
Drop on the floor	HOUSE	130			
Drop Syndicate	MOOMBAHCORE / DRUM'N BASS	180			
DropZ-Line-	PUMPCORE	50–400			
dual control	GARAGE HOUSE	131–140			
DUAL STRIKER	IIDX SOUNDS	185			
DUE TOMORROW	TECHNO	100–400			
Duration	DRUM & BASS	180			
DXY!	TECHNO	148			
Dynamite	HYBRID TWERK	100			
DYNAMITE RAVE	SPEED RAVE	150			
Dynasty	SYMPHONIC HARDWALTZ	189			
E.V CAFE	SOUL	125			
earth scape	PIANO BALLAD	45–94			
earth-like planet	ACID JAZZ	150			
EBONY & IVORY	RAGTIME CHIPTUNE	170			NOTES 조심
ECHIDNA	HYBRID BUCHIAGE TRANCE	146			CHARGE 조심
Echo Of Forever	HOUSE	135			
ECHOES	TECHNO	140			
Echoes of Sunfall	ETHNIC HARDSOUND	160			
EDEN	HYPER J-POP SIX	200			
Egret and Willow	FUTURE BEATS	196			
Eine Haube 〜聖地の果てにあるもの〜	VELLUM	170			
Eleanor	UNNAMED FIESTA	208			
ELECTRIC MASSIVE DIVER	GABBA	178			
Electric Super Highway	ELECTRO	139			
Electrified	ELECTRO	140			
Electro Tuned (the SubS mix)	BIG BEAT	125			
Elektrick U-Phoria	UK HARDCORE	180			
Element of SPADA	HEALING POP	170			
elemental bender feat. Kanae Asaba	EDM	135			
Elemental Creation	HARD RENAISSANCE	212			
Elisha	TRANCE CORE	185			
ELYSIUM	RANDOM ACCESS MEMORIES	183			
Ember Lights	FUSION TRANCE	148			CHARGE 조심
Emera	EDM STYLE	161			
EMERALDAS	IRREGULAR DJENT STEP	88–176			
EMOTiON TRiPPER	ELECTRIC POP	170			
Empathetic	DRUM STEP	180			
empathy	DRUM'N'BASS	170 85–170			
Empire of Fury	JUNGLE TERROR	204			
Empire State Glory	CYBERPUNK	173			
EMPTY OF THE SKY	E-ROCK	182			
encounter	DRUM'N'BASS	190			
END OF THE CENTURY	DANCE SPEED	170			
end of world	FRENZY HOUSE	162			
Endless Summer Story	JAPANESE REGGAE	95			
Energy Drive	HARDCORE	170			
Engraved Mark	HAPPY SAD CORE	188			
Enjoy your life	ELECTRONICA	160			
entelecheia	SACRED TRANCE	185			
entrance	TECHNO	180			
era (nostalmix)	DRUM'N'BASS	90–180			
ERaSeR EnGinE DistorteD	HARDCORE	177			
eRAseRmOToRpHAntOM	HARDCORE	135–270			
Ergosphere	亜空間ジャズ	170			
EROICA	VERSE	200			PEAK 조심
Erosion Mark	FALLIN APART CORE	192			
esrev:eR	EMOTIONAL SENTENCE	155			
Estella	SPANISH WALTZ	114			
Eternal Tears	WINTER BALLADE	84			
Euphoric Lagoon	J-DANCE FUSION	149			
EURO-ROMANCE	80's TECHNO	161			
EVANESCENT	PROGRESSIVE ROCK	127–165			
Evans	HARD RENAISSANCE	185			
evergreen	PROG	133			
Everlasting Last	J-DANCE POP	140			
Everlasting Message	EPIC ORCHESTRA	230			
Everlasting Resort	ONLY ONE ANTHEM	148			
everlastingeuphoria:	HYPERTRANCE	165			
EVO66	TECHNO	135			
ЁVOLUTIΦN	PLATINUM JAPANESQUE	165			
EX-MASSIVE FIGHTER	HYBRID HARDSTYLE	165			
examination leave	VACATION DANCE	180			
Exchange Place	FUTURE JERSEY	142			
EXCITE	IIDX EDITION	151			
EXE	ELECTROSHOCK	158			
Exhaust Hype	HARD BASS HOUSE	147			
EXODUS SIGN	TEAROUT BREAKS	150			
Expanded !!	MIDDLE EASTERN TWERK	200			
Express Emotion	J-CORE	182			
Explorer feat. ぷにぷに電機	DANCE POP	131			
EXTREMA PT.2	TECH DANCE	142			
EXTREME MACH COLLIDER	TECHNO	148			
EXUSIA	HARDCORE	188			
EYE OF THE HEAVEN	ORBITALIC ELECTRONIC METAL	308			
EZ DO DANCE	IIDX EDITION	140			
F	RENAISSANCE	154			
Fading Stars	TRANCE	148			
fairy cocktail	エレクトロニック/エレクトロニカ/ポップ	134			
FAKE STYLE II	DANCE MUSIC	125			
FAKE TIME	HARD ROCK	200			
fallen leaves -IIDX edition-	WORLD/ELECTRONICA	165			
Fantasia	HYPER FANTASIA	165			
Fantastic Merry-Go-Round	DIGITAL POP	168			
FANTASTIC THREE	DUB COMEDY	185			
Far east nightbird	DRUM'N'BASS	180			
Farewell to Marrakech	MOROCCAN CROSSOVER	144			
Fascination MAXX	SuperNOVA BEAT	100–400			SOFLAN 조심
Fashion Fruit	STAR☆FRUIT	165			
Feedback	BREAK BEATS	140			
FEEDING FRENZY	HI-TECH PSYSTYLE	181			
FEEL IT	DRUM'N'BASS	180			
Feel The Beat	HARDCORE RAVE	175			PEAK 조심
Fegrix	EURO BEAT	175			
FERMI♡PARADOX	COSMIC HAPPY TUNE	179			
Fervidex	ARTCORE	191			
FESTA DO SOL	LATIN GROOVE	130			
ƒƒƒƒƒ	HARD Pf	138			
Fiery Stallion	80'S SYNTHWAVE ROCK	160			
Final Count Down(MTO CRY BABY STYLE)	METALLIC EURO	164			
FINALLY BLAZE	ENERGETIC HARDCORE	185			
FIRE BALL	SPEED STAR	188			
Fire Beat	Experimental Eurobeat EXPERIMENTAL EUROBEAT	157–300			
FIRE FIRE	BUCHIAGE TRANCE	150			
First Resolution	TECHNO RAVE	150			
Five Regrets	JAZZ ARGENTINO	144			
fixer	DOUBLE DRIVE	75–215			
FiZZλ_PØT!0И	超炭酸すぱしゃわコア	187			
Flämingo	PASSIONATE RAVE	189			
FLARE -炎舞- ft.Nana Takahashi	BPL S3 THEME	140			
Flash Back 90's	MEGA MIX	155			
Flashes	DRUM'N'BASS	180			
Flip Flap	CANDY HANDZ UP	175			
FLOWERS for ALBION	AMBIENT	70–93			
FLUTE MAN	DEEP HOUSE	165			
Fly Above	DREAM TRANCE	150			
Fly Away To India	DANCE POP	133			
fly through the night	TRANCE	140			
Fly you to the star	HANDZ UP	141			
Fly Away	HARD DANCE	160			
Flying Castle	COLOUR CORE	174			
Follow Tomorrow	J-DANCE POP	140			
foreplay	PROGRESSIVE JAZZ	140			
Forgetting Machine	DRUM'N'BASS	174			
Foundation of our love	TRANCE	140			
four pieces of heaven	JUNGLE	125–195			
four-leaf	ROCK	157			
Fractal	CYBER PROGRESSIVE	175			
Free Style	DANCE POP	132			
FREEDOM	HYPER DUBSTEP	150			
Freeway Shuffle	TRANCE	145			
Freezing atmosphere	NATURAL SOUND	135			
frequent	MUSIC GAME TRADITIONAL	176			
Friction[!]Function	PROGRES BEAT	150			
Frisk And Squeak	MAKINA	185			
From Human Blood	ORBITALIC METAL STEP	170			
From Time To Time	TECH HOUSE	140			
fun	FUNK SHUFFLE	100–200			
Funny Shuffle	JAG GLITCH	115			
FUTURE is Dead	HOLIC	110(N,H) 110–220(A)			
FUZIN RIZIN	HYPER DIGIMETAL	190			
G2	DRUM'N'BASS	170			
G59	EXPERIMENTAL MUSIC	170			
GAIA	SPEED DANCE	180			
Galaxy Collapse	MULTIGENRE	156			
GALGALIM	HARDCORE TECHNO	165			
GAMBOL	BIG BEAT	102			
Game Changers	HARD MIXTURE	105–210			
GAME ON	MIXTURE	105			
Ganymede	ESOTERIC SLOWCORE	72–82			
garden	SWING WALTZ	220			
Garuda	JUKE/FOOTWORK	160			
Geirskögul	CYBER DRUMSTEP	177			
GENE	TECHNO GRAFFITI	163			
General Relativity	UK GARAGE/2-STEP	142			
GENERATE feat.綾倉盟	ELECTRONIC DANCE	145			
GENOCIDE	DRUM'N'BASS	175			
gentle stress	DRUM'N'BASS	175			
Get Higher	ADVENTURE TRIP	170			
Get on Beat	HARD BAG	126			
GET ON BEAT (WILD STYLE)	HARD HOUSE	150			
Get On Your Feet	HYBRID TRANCE	155			
Get Out	ELECTRO	130			
GET READY!!	HARDCORE RAVE	88–175			
get set mind	TORIENA LAND	180			
Get set, Go! feat.Kanae Asaba	FUTURE BOUNCE	135			
GET UP AGAIN	COMPETITIVE ROCKSTEP	180			
Get Up! feat. Kanae Asaba	TROPICAL HOUSE	130			
Get Wicked	BIG BEAT	135			
Get'em up to R.A.V.E	RAVE	145			
GHEL NAGARAJA	PSYCHEDELIC TRANCE	162			
GHOST	FREEFORM HARDCORE	150–180			
Ghost Pulse	NEOTRANCE	165			
GHOST REVIVAL	GOA TRANCE	148			
GHOSTBUSTERS	DISCO	125			
GIGA RAID	NEO RUSSIAN FUTURE	150			
GIGA THRASH	DUBSTEP	150			
GIGA VIOLATE	EDM-DUBSTYLE	150			
gigadelic	NUSTYLE GABBA	173			
GiGaGaHell	EXTRATONE	250			
GIGANT	MARCHING ROCK	140			
Gimme a Big Beat	EDM	138			
Giudecca	PSYCHEDELIC TECHNO	155			
Give Me A Sign	2STEP	126			
Give Me Your Love	KANA-POP	130			
glacia	ARTCORE	186			
Glitch N Ride	COLOUR BASS	30–300			
Glitch Nerds	GAMER'S ELECTRO/COMPLEXTRO	140			
Globe Glitter	RAVE STEP	190			
GloriosA	XYMPHONIC TECHCORE	175			
Glorious Days	HIP HOP & SOUL	40–83			
GLORIOUS HAMMER	DUBSTEP	155–160			
Glory	EDM	134			
Go Ahead!!	TRANCE CORE	200			PEAK 조심
Go Berzerk	HARDCORE	172			
Go Beyond!!	TRANCE CORE	200			
Go Faraway	TRAPSTYLE	150			
GO OVER WITH GLARE -ROOTAGE 26-	HARDSTYLE	170			
GOBBLE	CANTERBURY&BEAT	160			
God Mind	NEO HARD RENAISSANCE	185			
Godspeed	JOINT WORK	165			
GOLD RUSH	RECKLESS RAVE	162			
GOLD RUSH 2025	RECKLESS RAVE	162			
GOLDEN CROSS	TECHNO	150			
Golden Horn	TURKISH PIANO'N'BASS	160			
Golden Palms	NU DISCO	130			
Good Looking	RAVE BREAKS	170			
GRADIUS -FULL SPEED-	GAME MUSIC	160–220			
GRADIUS 2012	KONAMI REMIX	180			
GRADIUSIC CYBER	DIGI-ROCK	(노멀, 하이퍼)159–167 (어나더)160–167			
Grand Chariot	HARD ART CORE	191			
Gravigazer	PROGRESSIVE SCHRANZ	160			
GRAVITON	NEUROFUNK	185			
Gravity	BIG BEAT	125			
GREEN EYES	BROKEN TEK	170			
GRID KNIGHT	ELECTRONICA	160			
GROOVE 04	FUTURE GROOVE	155			
GUILTY	TECHNO	148			
GuNGNiR	REQUIEM PSY	222			NOTES 조심
Ha・lle・lu・jah	TRANCE POP	150			
HADES	HARDSTYLE	155			
HAERETICUS	ECCENTRIC	208			
HALF MOON	PROGRESSIVE	140			
Halfway of promise	GIRL ROCK	140			
Hallucination	PSYCHEDELIC TRANCE	120–160			
Hands Up feat. kradness BEMANI Sound Team "Sota Fujimori" Remix	THE 4TH	172			
HAPPY☆ANGEL	HAPPY HARDCORE	180			
HAPPY☆LUCKY☆YEAPPY	YEAPPY HARDCORE	190–380			
HAPPY★RUSH	HAPPY	185			
Happy Wedding	HOUSE	126			
HARD BRAIN	HARD TECHNO	155			
Hard Breaker	HARD TRANCE	155			
hard-wired	HIDEOUT	208			
Hardcore Mania	HARDCORE	170			
Harmonia	NU PRELUDE	177			
Harmony and Lovely	PROGRESSIVE HOUSE	135			
Hat Surprise	UK HARDCORE	180			
Hat Surprise (Season 2)	UK HARDCORE	180			
Hat Surprise (Season 3)	UK HARDCORE	180			
HAT TRICK	HANDZ STYLE	150			
HEARTACHE	HEALING FUTURE	90			
heaven above	FILTER HOUSE	132			
Heavenly Sun (IIDX VERSION)	TRANCE	130			
HEISEI	ELECTRONIC RHAPSODY	152			
Hella Deep	FREESTYLE	132–150			
Hello Happiness	HAPPY HARDCORE	182			
Here We Are	J-CORE	175			
Here We Go Now	HARD PSY	170			
HI SCHOOL DREAM	TRANCE	145			
HIGH	RAVE	180			
High School Love	HIGH SPEED LOVE SONG	180			
HIGH VOLTAGE	HARDSTYLE	155			
Highcharge Divolt	BEMANIZED DIGITAL ROCK	200			
HIGHER	DANCE POP	132			
Hitch Hiker	WARP HOUSE	137			
Hitch Hiker2	WARP HOUSE	137			
Hold My Hand	MELODIC DANCE MUSIC	154			
Holic	HARD TECHNO	155			
Hollywood Galaxy	DRUM'N'BASS	186			
Hollywood Galaxy(DJ NAGAI Remix)	GALACTIC J-CORE	186			
Holy Snow	CHRISTMAS SYMPHONY	130–160			
Honey Trap	HYPER TRAP	160			
Hopeful Daybreak!!!	EMO ROCK	258			
hora de verdad	CYBER FLAMENCO	140–280			
HORIZON	HAPPY HARDCORE	175			
Horizons of Promise	ALTANATIVE ROCK	180			
Hormiga obrera	ALTERNATIVE HOUSE	130			
HOT LIMIT	IIDX EDITION	156			
HOUSE NATION	HOUSE	128			
Howling	NU RAVE	155			
Hurry Hurry	RAVE SXXX	160			
Hybrid Landscape	TEC-DRUM'N'BASS	170			
Hydrogen Blueback	TECH DANCE	143			
HYENA	BIG BEAT	178			
HYPER BOUNDARY GATE	GOA TRANCE	152			
Hyper Drive feat. ぷにぷに電機	DANCE POP	130			
HYPER EUROBEAT (2DX style)	EUROBEAT	152			
HYPERION	MORNING FULL ON	150			
Hypersonik	DRUM&BASS	175			
HyperTwist	YALDICORE	190			
I	CHIP ELECTRO	225			
I am	CYBER J-ROCK	190			
I can fly,I've got reason	EXTREME GRANGE	88			
i feel ...	TRANCE	141			
I FIGHT ME	DRUM & BASS	175			
I know You know	NEW 80's	136			
I Love You	EURO TRANCE	170			
I Want To Do This Keep	HYBRID RHYTHM BASS	150			
I Was The One	ITALO HOUSE	125			
I will be back -オレは帰ってきた-	ONLY ONE MOMENT	172			
I.C.F.5800	ELECTRO	172			
i-ii	HITECH NHI FULLON	155			
I'm Coming (2017 Version)	ダンスミュージック	135			
I'm Screaming LOVE	TECHNO POP	147			
I'm so Happy	HAPPY HARDCORE	181			
ICARUS	NU-SKOOL BREAKBEATS HARDCORE	126–251			SOFLAN 조심
IceCube Pf.(RX-Ver.S.P.L)	CLUB JAZZ	120			
IDC feat. REVERBEE(Mo'Cuts Ver)	TECH-BREAKS	140			
IDOL syndrome.	PSYCHEDELIC ROCK	145			
Idola	REPLICANT CORE	201			
If	FUTURE BASS	170			
iFUTURELIST	FUTURELIST TYPE	150			
Ignis†Iræ	X	188–191			
Ignited Night	HEAT UP	149			
IIDX	HIPHOP	110			
IIDX RED Ending (Ryu☆Remix)	CAPTIVATE	155			
ILAYZA	EMOTIONAL SENTENCE -INSTRUMENTAL-	160			
ILIAS	HYPER ELECTRO	142			
Illegal Function Call	ORBITALIC CORE	260			
illuminate	SYNTHETIC EDM	146			
Illusionary Waterlily	EMOTIONAL RAVE EUPHORIA	180			
Immortal	J-CORE	208			
IN BETWEEN	HARDSTYLE	160			
In Heaven	HEAVENLY TRANCE	149			
in motion	CLICK HOUSE	138			
in my eyes	TRANCE	142			
In the Blackest Den	PROGRESIVE ROCK	177			
In The Breeze	HYBRID	123–142			
IN THE NAME OF LOVE	EUROBEAT	155			
in the Sky	HAPPY HARDCORE	180			
INAZUMA	TRANCE	148			
Indigo Vision (full flavour hide around mix)	GOA TRANCE	155			
INFERNO	BRAZILIAN HOUSE	135			
Inferno of Fomalhaut	DJENT STEP	150			
Infinite cave	DRUM'N'BASS	190			
Infinity Mirror	NEO 90's CINEMATIC TECHNO	148			
INHERITANCE	TRANCE CORE	180			
Initiation	00's TECHNO	160			
INJECTION OF LOVE	ELECTRIC CABARET	160			
Inner Spirit	HiTECH FULLON	146			
innocent revolver	BIGBAND JAZZ	310			
Innocent Walls	TECHNO	155			
INORI	MILLENNIUM TRANCE	146			
Insane Techniques	Hi-TECH FULL ON	146			
INSERTiON	EURO TRANCE	110–225			
Inside Insight	JAZZY POP	145			
insist	DANCE POP	136			
INSOMNIA	FUNKOT	195			
into the battlefield	SYMPHONIC BREAKS	180			
Into The Madness	SPOOKY	155			
Into The Sunlight	DRUM & BASS	175			
INVISIBLE STRIX	NEUROFUNK	184			
Invitation from Mr.C	HOLIC	230			
invoker	TRIBE CORE	195			
Iris	EMOTIONAL J-POP	176			
IXION	PSYCHEDELIC TRANCE	150			
Jack	MIXTURE	167–210			
JAM	J-REVIVAL	71–225			
jelly kiss	A.O.R.	135			
JET WORLD	ハードカントリー	138			
Jetcoaster Windy	GIRLY POP	268			
JEWELLERY STORM	HARDCORE	176			
JIVE INTO THE NIGHT	DANCE EXPRESS Hi-speed	170			
JOMANDA	HARD RENAISSANCE	90–195(300)			
Journey	WORLD/ELECTRONICA	112			
JOURNEY TO "FANTASICA" (IIDX LIMITED)	THE WORLD GROOVE	260			
Jumper	DRUM'N'BASS	174			
Jungle Eater	DRUMSTEP / RAGGATEK	184			
Just a Little Smile	NU SKOOL BREAKS	136			
Just Gimme	CYBER DRUMSTEP	178			
JUST SYNC ft.Kanae Asaba	80S SYNTH POWER POP	153			
JUSTICE/GUILTY feat. Nana Takahashi & 709sec.	ROCKIN' DRUM & BASS	183			
Kailua	ENERGETIC HAWAIIAN TRANCE	146			CHARGE 조심
KAISER PHOENIX	HEAVY METAL	170			NOTES 조심
KAMAITACHI	FREEFORM HARDCORE	165			PEAK 조심
KAMIKAZE	TECHNO	130			
Karma	DRUM'N'BASS	200 (노멀,하이퍼) 222 (어나더)			
Kecak	TRANCE	139			
Keep It -秋葉工房mix-	EUROBEAT	166			
KEEP ON MOVIN'	DANCE POP	132			
KEY	BEAT ROCK	212			
KHAMEN BREAK	PROGRESSIVE GOSPEL	180			
KI・SE・KI (IIDX RED EDIT)	J-POP	155			
Kick Out 仮面	E-DANCE POP	160			
KILL EACH OTHER	PSYSTYLE	162			
King of Tribe	ブレイクコア	200			
Kiss me all night long	J-EURO POP	155			
Konzert V	JUNGLE CLASSIC	160			
kors k's How to make OTOGE CORE	CHANNEL K	124–190			
kors k's Let's make an Image Song!	CHANNEL K	176			
KOTONOHA ft. Kotoha	EMOISM FUTURE POP	160			
Kung-fu Empire	ASIAN JANGLE	177			
KYAMISAMA ONEGAI!	トレンディーポップス	140			
L.F.O	UK HARDCORE	180			
L'amour et la liberte	TRANCE	140–145			
La dolce primavera	PRIMAVERA JAZZ WALTZ	220			
LA FESTA LA VITA!!	DRUM'N'BASS	180			
La Mar	CATALÀ LOUNGE	130			
LAB	RAVE	180			
LADS	HYBRID FOLK	152			
LADYBIRD	GLITCH HOP	230			
LASER CRUSTER	NU-SKOOL BREAKS	152			
Last Burning	ELECTRO	130			
Last Card	BEBOP CORE	85–170 (코어 BPM: 170)			
Last Dance	HARD STACC	150			
LAST DAY	PSYCHEDELIC TRANCE	157			
Last Message	EUROBEAT	155			
Lawes's Parotia	PROGRESSIVE METAL	140			
LAX5 feat.Ryota Yoshinari	LOUD TECH	190			
LEADING CYBER	DIGI-ROCK	150			
Leaving...	SYMPHONIC EURO	145			
Legendary Treasures	ADVENTURE TRIP	172			
LEMON MELON COOKIE	ボカロ	180			
Les filles balancent	FRANCE	180			
LESSON 5	HAPPY EXTREME	152			
Let me be your cure	ELECTRIC DANCE ROCK	192			
Let the Snow Paint Me	AMBIENT POP	130			
Let The Track Flow	UK HARDCORE	175			
Let's Bounce !!	FUTURE HOUSE	138			
Lethal Weapon	RECKLESS HARDCORE	90–180			
LETHEBOLG～双神威に斬り咲けり～	PLATINUM J-POP ONE	165			
Level 2	BIGBEAT / DUBSTEP	150			
Level 3	DRUMSTEP / DnB	175			
Level 4	DnB	180			SCRATCH 조심
Level 5	Drumstep / Bass House / Dnb	185			SCRATCH 조심
Level One	Drumstep / DnB	173			SCRATCH 조심
Liberation	TRANCE	150			
Life Is A Game ft.DD"ナカタ"Metal	UPTEMPO HARDCORE	195			
LIFE SCROLLING	DETROIT TECHNO	134			
Lift Us High	MELODIC TRANCE	150			
Light and Cyber…	HAPPY HARDCORE	181			
Light My Fire	BREAKCORE	200			
Light Shine	BUBBLEGUM DANCE	140			
Lighting Shower	TRANCE POP	162			
LIGHTNING STRIKES	Hi-GAIN ENERGY	174			NOTES 조심
lights	SOUL	142			
LIGHTS ft. EVO+	EMO BREAKS	145			
Lightspeed	FRENCHCORE	200			
LIKE A VAMPIRE	HEAVY METAL	276			
Like+it!	EUROBEAT	165			
LIMIT TOPPA REVOLUTION	ハピコアMAX	190			
LIMITED	TECHNO	170			
Line 4 Ruin	ELECTRO TECH	141			
Linus	LOUNGE POP	160–176			
Liquid Crystal Girl feat. echo	ELECTRO	134			
Lisa-RICCIA	HARD RENAISSANCE	205			CHORD 조심
Little Little Princess	PUNK OPERA	212 (N) 180–212 (H, A, L)			
Little Star	J-CORE	183			
LIVE DRIVING!! feat.花たん	HARD ELECTRIC POP	190			
LOCUS OF THE TRAVEL	HAPPY BISTRO CORE	182			
Logic Board	TECHNO	130			
London Affairs Beckoned With Money Loved By Yellow Papers.	SERIOUS STEP	150			
Lords Of The Roundtable	PIANO BEAT MUSIC	174			SCRATCH 조심
Lost Souls	DARKSTEP	185			
LOST TECHNOLOGIE	TECHNO	157			
Lost wing at.0	DRUM'N'BASS	185			
LOUDER ROLLING THUNDER	MASSIVE MIXTURE	180			
LOVE AGAIN TONIGHT ~for Mellisa mix~	HYPER EUROBEAT	150			
Love Again...	POPS	110			
LOVE B.B.B	DRUM'N'BASS	173			
Love Is Eternity	TRANCE	140			
LOVE IS ORANGE	HARD CHANSON	180			
Love♡km	HAPPY CORE	184			
LOVE♡SHINE	J-HAPPY HARDCORE	177			
Love Magic	DRUM'N'BASS	170			
Love Me Do	NEW WAVE	167			
LOVE WILL...	TRANCE	144			
Lovely Howdy Cowboy!!	HAPPY COUNTRY CORE	180			
LOVELY STORM	HAPPY HARDCORE	178			
LOW	RAVE	160			
lower world	TECHNO	155			
lowercase lifetime	HYPERFLIP	205			
Lucky Days	DREAM TRANCE	160			
Lucy	DANCE POP	156			
Ludus In Tenebris	LIAISON	126			
Luna Plena	MELODIC J-ROCK	175			
Luv 2 Feel Your Body	2 STEP	134			
LUV CAN SAVE U	NEO 80's EURO ELECTRO	140			
LUV DRIVE	POPCORE	188			
LUV TO ME (disco mix)	EURO BEAT	154			
Lycoris	HYPER JAPANESQUE	174			
M-02stp.ver1.01	TWO STEP	132			
M.D.Injection	PIECED DOWNBEAT	202			
m1dy Deluxe	TOKYO STYLE SPEEDCORE	410 205			
m1dy Dynamic	TOKYO STYLE SPEEDCORE	370 185			
m1dy Festival	TOKYO STYLE SPEEDCORE	225			
M4K3 1T B0UNC3	HDM	150			
MA・TSU・RI	JAPANESQUE	160			
Macho Gang	TRIBAL HOUSE	125			
Mächö Mönky	JUNGLE TERROR	150			
Macuilxochitl	PIANO CONTEMPORARY	148			
MAD ATTACK	UPBEAT	140			SCRATCH 조심
madrugada	PROGRESSIVE HOUSE	125			
MAGIC & LOVE	HAPPY CORE	185			
Magical	KAWAII FUTURE BASS	174			
Make A Difference	GOSPEL	130			
Make Me Your Own	HOUSE	130			
Makin' It	JUNGLE, DRUM N BASS	168			SCRATCH 조심
MANA	SUPER SPLASH TUNE	195			
Mare Nectaris	EXPERIMENTAL	256			PEAK 조심
MARIA (I believe... )	EUROBEAT	158			
Marie Antoinette	宮廷円舞曲	205–248			
MARLIN	DRUM'N'BASS	184			
Marmalade Reverie	YEYE	170			
Mars beach	BALEARIC	140			
mathematical good-bye	ハードコア	182			
Matt Silver	TECHSTYLE	146			
MAX 300	HARDCORE TECHNO	64–300 (코어 BPM: 300)			
MAX 360	HARDCORE TECHNO	180–720 (코어 BPM: 360)			
MAX LOVE	LOVELY BUCHIAGE POP	180			
MAXIMUM CHEAT GIRL	MAXIMUM GAME-BREAKING HARDCORE	210			
MAXIVCORD	ADMIRABLE	154			
Medicine of love	MAGICAL POP	182			
MEGAERA	BULGARIAN CORE	206			
Megalara Garuda	DRUMSTEP	180			
Meissa	PROGRESSIVE DRUM'N'BASS	124–174			
Mel	DRUM'N'BASS	178			
Melody Life	NEW ACOUSTIC	172			
Melt in my arms	DANCE POP	118			
Memoria Obscura	UNNAMED PROGRESSIVE	180			
memories	BEAT ROCK	188			
MENDES	IRREGULAR HI-BREAK	168			
MENTAL MELTDOWN	HARD HOP	145			
Mermaid girl	BUBBLEGUM DANCE	140			
Metagame Matador	TAIHEN HARD DANCE	160			
METALLIC MIND	OLDSKOOL HARDCORE RAVE	150			
Miami Sunset Drive	80's ELECTRO HOUSE	131			
Mid-Corner (Magic Maker)	HARD DANCE	165			
Midnight Drive	HIP HOP	90–110			
Midnight Lady	NU 80's DISCO FUNK	128			
Mighty Cutie	HAPPY HARDCORE	172			
Million Dollar	PARTICULAR NIGHTSCAPE	180			
Mind Mapping	ELECTRO-TECH	128			
mind the gap	UK PROGRESSIVE	98–147			
minimalian	MINIMAL	141			
MINT	ELECTRONICA	150			
Mira	ALTERNATIVE FUGUE	184			
Miracle 5ympho X	FRENCHCORE	210			SCRATCH 조심
MIRACLE MEETS	BUCHIAGE TRANCE	160			
MIRU key way	ELECTRO	130			
Mobo★Moga	FRENCH POP	172			
MOCHIMOCHI DREAMIN!!	オモチコア	170			
Modular Technology	TECHNO	170			
Monkey Business	HARD DANCE	80–160 (코어 BPM: 160)			
Monkey Dance	EUROBEAT	155			
Monkey Dance '09	EUROBEAT	155			
MOON	哀愁ユーロ	156			
MOON RACE	FUTURE HOUSE	147			
moon_child	POST ROCK	130–160			
More Move	CLUB BOSSA	180			
mosaic	TECHNO POP SPEED	188			
Move Me	AFRICA	93–186			
Move UR Body	HAPPY HARDCORE	175			
MOVE! (We Keep It Movin')	ORBITALIC ELECTRIC MUSIC	142			
Moving on	PSYCHEDELIC TRANCE	153			
Mr.T. (take me higher)	DANCE POP	128			
Mukade	SCHRANZ	160			
murmur twins	CUDDLECORE	174			
Music is The Answer	TURBOFUNK	128			
MUSIC TO YOUR HEAD	TECHNO	138			
MVP	HARD TRAP	100			
MY FUTURE	TRANCE	148			
My Only Shining Star	HYPER EUROBEAT	155			
My Sweet Bird?	J-POP	180 (N, H, A) 108–180 (L)			
Mysterious Time	EUROBEAT	155			
n'pa pa BBQ	FUTURE TERROR	300			
N.O.	ASTRONOMICAL TECHNO	150			
n/a	SYMPHONIC DUBSTEP	85–255			
NΦ CRIME	DANCE MUSIC OF SORROW	160			
NANAIRO	METAL POPS	192			
Narcissus At Oasis	ARTCORE	170			
Nasty Techniques	Hi-TECH FULL ON	150			
Nasty!	DANCE POP	127			
naughty girl@Queen's Palace	TECH-BREAKBEATS	145			
NEBULA GRASPER	PSYCHEDELIC TRANCE	152–153			
Necroxis Girl	GLITCH DUBSTEP	150			
NEEDLESS MY LOVE FOR YOU	ROCK	182			
NEMESIS	TECHNO	164			
Nemophila	EMOTIONAL FUTURE RIDDIM	175			
NEO GENERATOR SEVEN	MAINSTREAM HARDCORE	182			
Neo Heritage	HDM	150			
neogenesis	ENERGETIC TRANCE	151			
Neonlights	TECH DANCE	145			
neu	NIENTE	95(5, NORMAL) 199(HYPER, EX)			
Never Fade Away	IIDX HANDZ UP!!	160			
never...	DANCE POP	130			
New Decade IIDX Edition	SPEED DANCE CORE	100–400			
NEW GENERATION -もう、お前しか見えない-	ONLY ONE EURO BEAT	165			
New Lights	HARDCORE	175			
NEW SENSATION -もう、あなたしか見えない-	ONLY ONE IDOL SONG	200			
NEWALONE	INDUSTRIAL BASS	110			
Next Level	DRUM & BASS	174			
Next Tales 2 Oath (IIDX 20th Anniv "Ring" Theme)	THEME SONG	180			
Night! Night! Night!	EURO DYNAMITE	165			
NIGHT OF FIRE	SUPER EUROBEAT	155			
Night sky	PUMPCORE	192			
Nightmare before oversleep	SORROW STEP	190			
NINJA IS DEAD IIDX ver.	SHINOBI SPEED	111–222			
NITROUS CANNON	MACHINEGUN PSYSTYLE	169			
NNRT	ELECTRO GOTHIC	101–202			
No Border	TRANCE	150			
No Day But Today!	J-POP	150			
NO DOUBT GET LOUD	HIP HOP	100			
NO LIMIT -オレ達に限界は無い-	ONLY ONE DANCE MUSIC	150			
No Limit 2 dAnce feat. 大山愛未	HYPER TECHNO	155			
No Tears	HARD EDM	170			
No.13	PROGRESSIVE BAROQUE	172			
Nocturnal 2097	DARKSYNTH	157			
NOIXIA	STYLISH ELECTRO	165			CHARGE 조심
Non Stop Rock	DRUM'N'BASS	172			
NoN-Fiction Story!	TECHNO POP	160			
NORTH	CELTRANCE	138			
nostos	NOSTALGIA	86–144			
Nothing Ain't Stoppin' Us	DISCO	128			
Nothing but Theory	ULTRA JAZZFUNKTION	160			
Now and Forever	ENERGETIC TRANCE	146			
Nowhere	ELECTRO TRANCE	140			
NPC World	ELECTRO POP	165			
Nyan Nyan University	MAJOR IN MEWOLOGY	160			
NZM	END ROLL	190			CHARGE 조심
O/D*20	TECHNO	155			
Ocean Blue feat. Luschel	HiTECH FUSION	145			
Odin	GABBER	160–180			
of the first magnitude	TRANCE	157			
Ohayo!	FESTIVAL TRAP	150			
On My Wings (HARDSTYLE IIDX)	HARDSTYLE	150			
On the FM	RADIO SHOWCASE	200			
ON THE TUBE	MINIMAL	155			
ONE AND ONLY	RAVE IN THE GAME	174			
One for All	EUPHORIC FRENCHCORE	195			
One More Lovely	HAPPY	200			
One of A Kind	TECHNO/DANCE	132			
one or eight	HARDCORE RAVE	155			
ONIGOROSHI	TOKYO STYLE SPEEDCORE	400			
Only for now	PSYCHDELIC TRANCE	150			
onslaught	BAHAMŪT CORE	202			
Onyx	STYLISH COLOUR	44–174			
OOO	BUBBLEGUM DANCE	140			
op.31 叙情	PIANO CONCERTO	100–350			
oratio	HYMNUS	162			
ORCA	CETACEA HDM	155			
OTENAMI Hurricane	POP BREAKCORE	215			
OTOKOZAKA	OLD FASHIONED	160			
Out of Control	FREEFORM ARTCORE	185			
out of disk space	CHARGE CORE	165–190			
Outbreak	FRENCHCORE	195			
OUTER LIMITS	HARDCORE BREAKBEATS	171			
OUTER LIMITS ALTERNATIVE	HARDCORE	171			
OUTER PLANETS	EPIC STORY	140			
outer wall	TECHNO	149			
OVER THE CLOUDS	HOUSE	120–128			
OVER THE CLOUDS -Flying Grind mix-	HOUSE	120–128			
OVER TIME	ELECTRO POP	134			
OVER VOLTAGE	HARDSTYLE	160			
Overload Frontier	HARDCORE RAVE	175			
Override	EUPHORIC HARDCORE	175			CHORD 조심
Overslept	DRUM'N'BASS	170			
P.O.W.E.R.	RAWSTYLE	160			
Painful Fate	DRUM'N'BASS	192			
Pale Garden	FUTURE BASS	160			
PALETTE	BLUE CORE	184			
pandora	TRANCE	148			
PAPAYAPA BASS	MONDO-GROOVE BASSHOUSE	147			
Papilio ulysses	DRUMSTEP	180			
Para siempre	MEXICAN DRUMSTEP	180			
PARADISE LOST	TRANCE CORE	200			
PARANOiA ~HADES~	SUPERNOVA2 BEAT #1	75–300			
PARANOIA survivor MAX	JUNGLE MIXTURE	73–290			
Parasite World	HYPER J-CORE	135			
Particle Arts	NEOTRANCE	162–178			
Party Starter	K-POP	154			
Pārvatī	ORBITALIC WORLD MUSIC	205			
passionate fate	HANDZ UP	149			
PATRIOTISM	DRUM'N'BASS	180			
patsenner	AMBIENT TECHNO	108			
Peaktime Booster	RAPCORE	180			
Peng-Ging Sky High!!	HARD ELECTRIC POP	194			
PentaCube Gt.(RX-Ver.S.P.L.)	ALTERNATIVE ETHNO POP	120			
perditus†paradisus	ANTHEM CORE	172			
perfect free	HOUSE	130			
PERFECT GREAT!!	SUPER ULTRA MIRACLE HAPPY HARDCORE	190			
PERFECT HUMAN	IIDX EDITION	128			
Perfect Plan	CRIME JAZZ BROKEN BEATS	174			
PERFECTWORLD	SOFT ROCK	151			
Persephone	HARDSTYLE	155			
Pharaoh	ANCIENT CIVILIZATION	180			
PHASE SHIFT MANEUVER	PSYSTYLE	163			
Phoenix	HARD NRG	176			
PHOTONGENIC	DRUM & BASS	175			
Piano Samurai	BEAT PIANO MUSIC	170			
PILGRIM	TRAP	150			
Pinky Happy Crazy	HAPPY	190			
pique	MELODIOUS TECH	162			
PIRATES BLADE	STORMY SEA	160			
PIT A PAT	NEO CANDY RAVE	170			
Plan 8	HAPPY GABBA	212			
planarian	ELECTRIC POP	164			
PLASMA	SYNTHESIZED TECHNO	148			
PLASMA SOUL NIGHT feat. Nana Takahashi / 709sec.	LIGHTNING EUROBEAT	178			CHORD 조심
Play back hate you	小倉テクノ	142			
Playball	TECH HOUSE	140			
Playing With Fire	SPEED RAVE	160			
Plazma	J-POP	173			
Plea Per Phase	MELODIC CONTEMPORARIDDIM	150			
PLEASE DON'T GO	DISCO	135			
Please Welcome Mr.C	JAZZY HOLIC	230			
Pluto	SUPERNOVA2 BEAT EX	50–225 (코어 BPM: 220)			
POINT ZERO	DRUM'N'BASS	188			
POLꞰAMAИIA	ポルカ2020	160			
Pollinosis	HARD DANCE	145			
POODLE	EUROBEAT	160			
POP TEAM EPIC (kors k Remix)	IIDX EDITION	142			
PopなEDEN	J-POP	305			
Poppin' Soda	KAWAII FUTURE BASS	200			
portal	ELECTRO	130			
POSSESSION	PSYCHIC FLASH	23–185			
Pout	FUTURE BASS	170			
POWER DREAM	TRANCE	142			
Power of Love	2 STEP	135			
Präludium	CLASSICAL PIANO	152			
Presto	PIANO AMBIENT	136			
Pretty Punisher	DANCE POP	143			
Primitive Vibes	TRIBAL FRONTIER	150			
Prince on a star	ALTERNATIVE ROCK	144			
Programmed Genom	PSYCHEDELIC TRANCE	144			
Programmed Life	PSY TRANCE(FULL ON)	144			
Programmed Sun	PSY TRANCE(MORNING)	144			
Programmed Universe	MORNING FULL ON	144			
Programmed World	PSY TRANCE(FULL ON)	153			
Prohibited Props	VARIABLE FUTURE BASS	164			
PROMISE FOR LIFE	BALLAD	70			
prompt	NU PROGRESSIVE	198			
Proof of the existence	HARD ELECTRONICA	170			
PSYCHE PLANET-GT	PSYCHEDELIC TRANCE	152			
Psychedelic Intelligence	PSYCHEDELIC	150			
Psycho Sheep Riddim	RIDDIM DUBSTEP	150			
Punch Love♡仮面	E-DANCE POP	172			
Punching Down (IIDX Mix)	SWITCH UP	128–150			
PUNISHER	VARIANT RAVE	180			
Purple Perplex	MELODIC RIDDIM	150			
Push on Beats!~音ゲの国のeX-ストリーマー~	AKIBA-POP	164–172			
PUT YOUR FAITH IN ME (for beatmania II)	JAZZ FUNK	120			
QQQ	TECHNO	155			
Quakes	HARD BREAK BEATS	190			
QUANTUM TELEPORTATION	TECHNO	152			
quasar	TRANCE	155			
quaver♪	HAPPY	182–186			
Queen Kaguya	ORBITALIC MOON MIXTURE	200			
Queen's Tragedy	BIGBEAT	152			
quell -the seventh slave-	TRANCE	140(노멀, 하이퍼) 162(어나더)			
Quick Silver	RAVE FUSION	172			
R壱萬	RAVE	188–204			
R2	RAVE	160			
R3	RAVE	157			
R5	RAVE	180			
ra'am	RAVERS DANCE SPEED	111–222			
Radical Faith	BIG BEAT	114			
radius	DANCE	150			
rage against usual	DIGI-ROCK	152			
RAGE feat.H14 of LEONAIR	MIXTURE	166			SCRATCH 조심
RAIN	TRANCE	159			
Rainbow after snow	DRUM'N'BASS	179			
rainbow flyer	TRANCE	148			
rainbow guitar weeps	BRIGHTNESS	156			
rainbow rainbow	HAPPY HARDCORE	177			
Rainstorm	UPLIFTING TRANCE	140			
Raison d'être 〜交差する宿命〜	ASTRAL CHOIR	155–175			
RALLY '25	RALLY HARD TECHNO	160			
Rampage	HARDCORE	195			
Raspberry♡Heart (English version)	COLORFUL HARDCORE	160			
Raspberry Potion (feat.あれたん♡ & ぎゃるのしん☆)	LOVE♡CORE	177			
Raspberry Railgun	PANIC FUSION	142			
Rave Cannon	SPEED RAVE	160			
Rave lithosphere	RAVE	170			
Rave Patroller	FUTURE SKOOL BREAKBEATS HARDCORE	175			
Rave Saves You feat. Cardz (Exclusive IIDX Mix)	HARD DANCE	143			
RAVE SYNDROME	REVERSE BASS	165			
Rave*it!! Rave*it!!	EDM SPEED	282			CHORD 조심
Re:Story	J-POP	105			
Ready To Rockit Blues	NU JAZZ	150			
Real	DRUM'N'BASS	200			
Realize Maze	SOLITUDE	149			
Really Love	R&B	100			
Recollection	POPS	182			
REcorrection	フルフィーパップ	116			
Red Determination	HARDCORE	180			
Red Nikita	LATIN SWING	140			
Red Rocket Rising	J-POP	155			
Red Soul	HARDCORE	180			
RED ZONE	SPEED RAVE	165			
Red. by Full Metal Jacket	TECH-BREAKBEATS	158			SCRATCH 조심
Red. by Jack Trance	TECH-BREAKS	160			SCRATCH 조심
Reflection Into the EDEN	BOSSA ELECTRONICA	110			
REFLEXES MANIPULATION	FUSION	130			
Reflux	TRANCESTEP	150			
refractive index	PSYCHEDELIC TRANCE	154			
refrain	TRANCE	158			
Re:GENERATION	EMOTIONAL SENTENCE	176			
Regina vespaE	CYBER RENAISSANCE	189			
Regulus	INSTRUMENTAL	120–128			
REINCARNATION	TRANCE	145			
Rejection Girl	STYLISH FUTURE	174			
Release The Music	TECH DANCE	146			
Remain	RUINOUS SPIRITUALS	150			
Remedy feat. Kanae Asaba	哀愁EUROBEAT	165			
REMEMBER ME	SUPER EUROBEAT	152			
REMINISCENCE	TRI EURO FANTASIA	171			
REPLAY	TECHNO	140			
RESISTANCE	MYSTERIOUS ROCK	184			
Resonant	DRUM'N'BASS	182			
RESONATE 1794	HARD SONATA	160			
reunion	CYBER WALTZ	184			
REVOLVER	Hi-TECHDANCE	160			
Rewind Time	GLITCH HOP	115			
RIDE ON THE LIGHT (HI GREAT MIX)	POWER FUSION	180			
Ride To The Core	J-CORE	240			
Riff//rain	THEME SONG	180			
RINИE	SYMPHONIC SAVIOR	198	RINNE		
RISE	DRUMSTEP	182			
Rise'n Beauty	TRANCE	140			
Rise Circuit	DRUM'N'BASS	195			
RISING FIRE HAWK	HARDSTYLE	157			
RISLIM	NEW ROMANTIC	130			
Ristaccia	OUVERTÜRE	160			
Ritual of Anubis	ARABIC HARD RITUAL	190			
RIZING YOU UP	HAPPY HARDCORE	177			
RIZING-GAMERS.	GOLDEN FORCE	165			
Roar of Chronos	DIAMOND CORE	175			
ROCK女 feat. 大山愛未, Ken	TRANCE	150			
Rock Da House	UK HARDCORE	175			
Rock It	HARDCORE	170			
ROCK ME NOW	RAGGA ROCK	220			
Romanticが止まらない	IIDX EDITION	162			
rommmo	BREAKCORE	208			
R∞tAge	NEO J-TEKNO	150			
Roots of my way!	ACTRESS	158			
Rosa azuL	HARD LATIN	155			
rottel-da-sun	ROTTERDAM TECHNO	200			
rottel-the-Mercury	GABBA	200			
ROTTERDAM SHOGUN	RDM	199			
rough percussionythm	HARD D&B	175			
Roulette	EUROBEAT	160			
Round and Round	HYPER ELECTRO	145			
route 80s	NOISY	122			
Routing	JAZZY-ELECTRO	144			
Rowdy	DUBSTEP	100			
ROZA DE ANDALUCIA	MELODIC SPEED METAL	191			
Rub-a Dub-a	LOVERS CANDY RAVE	176			
Rubrum Piano	ACID LATIN JAZZ	160			
RUGGED ASH	FUTURE JAZZ	168			
ruin of opals	IRIDESCENCE JAZZ ETUDE	220–390			SOFLAN 조심
RUINA	HARD PSY/SPEEDCORE	160			
Ruler or Loser	DRUM & BASS	174			
rumrum triplets	LOUNGECORE	192			
S!ck	DRUMSTEP	177			
S-Bahn	DARK TECHNO	142			
SA.YO.NA.RA. SUPER STAR	ONLY ONE FINALE	85–170			
SABER WING	SHOOTING WALTZ	74–222			
Sakura Mirage	CHIPCORE	187			
Sakura Reflection	HAPPY HARDCORE	181			
sakura storm	HAPPY HARDCORE	184			
SAMBA DE JANEIRO	SAMBA	153–161			
SAMSARA	DIMENSION WAVE	164			
SAMURAI-Scramble	TECH BREAKBEATS	150			SCRATCH 조심
Sarutobi Champion is 拙者	PIECED MAKIBISHI	130–195			
Satellite Burst	HARD SYMPHONIC	177			
satfinal	RAVE	180			
Saturn	PROGRESSIVE TRIBAL	78–155 (코어 BPM: 155)			
SAY BAY	SHINOBI RAVE	165			
Say YEEEAHH	EDM	135			
Scandal	PROGRESSIVE SWING	160–228			
scar in the earth	WORLD/ELECTRONICA	141			
Scarlet Moon	J-CORE	180			
Scars of FAUNA	WORLD/ELECTRONICA	165			
Scharfrichter	HARD ROCK	217			
scherzo	PIANO AMBIENT	130			
Schlagwerk	BIG BEAT	125			
SCHWARZSCHILD FIELD	FULL ON	150			
SCORE	TECH HOUSE	140			
SCREAM SQUAD	BREAKCORE	220			
SCREAM THE LIFE FEAT.KYONO	ROCK	137			
SCREW // owo // SCREW	TWERKCORE //uwu// BEAT JUGGLE	114			
Scripted Connection⇒ N mix	TECHNO	151			
Scripted Connection⇒ H mix	TECHNO	151			
Scripted Connection⇒ A mix	TECHNO	151			
Seaside Labyrinth	80's SYNTH FUNK	136			
Second Heaven	HANDZ UP	149			
Second Style(Hip Hop Paradise)	HIPHOP	115			
Secret of Love	DRUM'N'BASS	162			
Secret Rouge	DIGITAL J-POP	139			
Secret Tale	SOFT ROCK	158			
Secrets	TECH-PARA	150			CHORD 조심
See You Again	HARDCORE	175			
SEITEN NO TERIYAKI	CHAOTIC SPEEDCORE	273			
Seize the Day	FUTURE BASS	140			
Selfish Sweet	R&B	135			
Sellout	DANCE MUSIC	174			
Sense	RAVE	130			
Sense 2007	RAVE	140			
Sephirot	TRANCE	154			
SEQUENCE CAT	TECHNO	145			
Seraph	UNSUNG SHADOWS	216			
Serious?	FESTIVAL TRAP	150			
Session 1 -Genesis-	ELECTRIC FUSION	79–178			
Session 12 -Esther-	PROGRE SYNTHETIC	64–209			
Session 9 -Chronicles-	ROCKIN' DRUM'N'BASS	182–189			
Set U Free feat. Kanae Asaba	HARD TRANCE	140			
Seven Times Four	UK HARDCORE	170			
Several Words	VALIANT BEAT	180			
SEXYSEXYCHEVY	BIG BEAT	140			
SHADE	TECHNO	151			
Shades of Grey	HARD TRANCE	170			
Shadow World	STYLISH CONTEMPORARY	180			
Shamshir	G-HOUSE	135			
Shapeshifter	TECHNICAL ELECTRO	134			
Shattered control	CONTEMPORARY BREAKS	160			
She is my wife	ONLY ONE BALLAD	85–170			
SHELTER OF THE MIND	ROCKIN'DRUM&BASS	185			
SHIFT	TECHNO	130			
Shine On	SOUL	111			
Shining World	ELECTRO POP	150			
SHINING☆DANCE	J-RAVE	161			
SHION	HI-SPEED FANTASY TUNE	179			
Shirdal	CHAOTIC MEAL BREAKCORE	190			
Shiva	HARD PSY	150			
Shoot'Em All	DETROIT TECHNO	152			
Shooting Fireball	MUSIC GAME TRADITIONAL	160			
Shooting Star	DANCE POP	170			
Shooting Star	DANCE POP	140			
Show Me All Your Love	NEORAVE	165			
Show Time	HYBRID JERSY CLUB	145			
shuriken	CHIPTUNE	160			
Sidechained Threats	ELECTRO	140			
SIGMA	HARDROCK	130			
Sigmund	REQUIEM PSY	200			NOTES 조심
Signs and Wonders	PROJECT ZIRCON	196			
SigSig	MAKINA	179			
Silly Love	ELECTRO NU DISCO	124–153			
Silver Bullet	PIANO CONCERTINO + JAZZ FUSION	152–172			SOFLAN 조심
Silvia Drive	HAPPY HANDBAG	129			
sink into the dream	TRANCE	148			
SINOBUZ Fantasy	CANDY ROCK	190			
Sinus Iridum	KAMIKURA	128–256			CHARGE 조심
Sirius	COLOUR BASS	180			
SISYPHUS	ABSURD STYLE	90–360 (코어 BPM: 180)			SOFLAN 조심
Six String Proof	HARDROCK	130			
Ska-sh All Neurons!!	A-STYLE NEURO+"スカ"+FUNK DRUMSTEP	183			
Skratch Education Lv-1	DJ BATTLE	100–200			SCRATCH 조심
Skreaming for Salvation	DIGITAL HARDCORE	200			
Sky High	ANTHEM	153			
Skyscraper	EPIC HOUSE	135			
Skywalking	TRANCECORE	90–180 (코어 BPM: 180)			
Sleepless days	THE WORLD EVOLVE	188			
Slipstream	FUTURE CORE	175			
Slumber☆Party	MULTIGENRE	180			
Small clone	JAZZ FUNK	145			
Smalt #28598F	TECH DANCE	151			
Smell Like This	TRANCE	145			
smile	ELE POP	189			
smooooch・∀・	CANDY RAVE	177			
Smug Face -どうだ、オレの生き様は- (ONLY ONE EDITION)	ONLY ONE ACT	160			
Snake Stick	TECH-BREAKBEATS	145			
Snakey Kung-fu	ASIAN CONTEMPORARY	156			
SnapSkipSpark	HAPPY BREAKCORE	185			
SNOW	DRUM'N'BASS	180			
Snow Goose	ELECTRIC POMP	200			
snow storm	TRANCE	145			
So Fabulous !!	BUCHIAGE TRANCE	149			
So Punky	80s EUROBEAT	140			
So What	BASS HOUSE	128			
Sol Cosine Job 2	FREEFORM HARDCORE	190–200			
SOLAR ECLIPSE	CROSSOVER	195			
soldier's waltz	WALTZ BEAT	186			
SOLID STATE SQUAD	HARDSTYLE	155			
SOLID WYVERN	HARDPSY	165			
SOLITON BEAM	TECHNO	152			
Somebody Like You	POPS	125			
SOMETHING WONDERFUL	EPIC TRANCE	150			
sometime	SOUND TRACK	150			
Sometimes feat. Kanae Asaba	EUROBEAT	147			
Somnidiscotheque	SUBCONSCIOUS FRAGMENT	115			
Son, not gabba now	GABBA	150			
Sorrows	EMO	185			
Souhait bleu	ALCHEMY POP	225			
SOUND OF GIALLARHORN	FREEFORM HARDCORE	184			
Sounds Of Summer	UK HARDCORE	175			
SP-TRIP MACHINE(for beatmania II)	JUNGLE	160			
Space Battleship S4TØ	BIGCORE	174			
Space Dog	UCHU-RYOKOU	113			
SPACE FIGHT	戦艦テクノ	139			
Space in Time	FUTURE 'N' BASS	165–174			
Space Time	ENERGETIC TRANCE	143			
SpaceLand☆TOYBOX	RAGTIME FUTURE POP	172			
SPARK !	DANCE POP	126			
SPARK ! -essential RMX-	TRANCE	126			
SPARK IN THE NIGHT	EUPHORIC HARDSTYLE	160			
Sparkle Smilin'	TWINKLE POP	180			
Special energy	TRANCE TECHNO	140			
Special One	J-HOUSE	128			
SPECIAL SUMMER CAMPAIGN!	BUCHIAGE TRANCE	168			
Speculation	HARDCORE TECHNO	190			
SPEED	ROCK FUSION	220			
SPEED DEMON	HARDTEK	190			
SPEED ROCKER	PSYCHEDELIC TRANCE	145			
SPEEDY CAT	EUROBEAT	155			
Sphere	MEDIEVAL CHOIR	160			
Spica	HOUSE	128			
Spin the disc	HOUSE	130			
Spinning Around	FRENCH HOUSE	129			
spiral galaxy	PSYCHEDELIC TECHNO	154			
Spirit of the Beast	Hi-NRG RAVECORE	195			
SPLASH!!!!!!!!!	DRUM'N'BASS / HAPPY HARDCORE	175			
Spooky	HARD HOUSE	140–455			
squall	DRUM'N'BASS	190			
Squeeze	WITHOUT YOU TONIGHT -VI-	173			
STAR BEAT	COLOUR BASS	158			
STAR DREAM	TRANCE	148			
STAR FIELD	TRANCE	140			
Star Trail	TRANCE	148			
Stargazing Trip ~星 探す旅~ ft. 小林マナ	ANIME-STYLE DRUM AND BASS	185			
STARLiGHT	DANCE SPEED GOLD	199			
STARLIGHT DANCEHALL	HAPPY EMOTION	177			
STARLIGHT JUNCTION	HEAV'NLY TRANCE	160			
starmine	HAPPY HARDCORE	182			
Starry Night	HARDSTYLE	155			
STARS☆☆☆(Re-tuned by HΛL) - IIDX EDITION -	HYPER J-POP+	146			
Static State	ELECTRO TRANCE	138			
STAY GOLD	HARD DANCE	20.625–330 (코어 BPM: 165)			
Stay my side	R&B	100			
Steel Edge	DRUM&BASS	177			
STEEL NEEDLE	BREAK CORE	205			
Stella Sinistra	SYMPHONOVATIVE ROCK	베이직			
STELLAR WIND	HARD DANCE	162			
Stepper	DANCE MUSIC	128			
Stereo Beasts	HARD TECHNO/DOWNTEMPO	160			
STILL IN MY HEART	HYPER EUROBEAT	150			
still my words	AMBIENT	136			
Stleq	ARTCORE	200			
stoic	TECHNO	155			
STOIC HYPOTHESIS	RIDDIM CORE	170			
STRAIGHT TO THE STARS	COLOUR BASS BREAKS	158			
StrayedCatz	FANTASY	소숫점			
STULTI	GRAVIOL	90–182			
Stylus	STYLISH ELECTRO	165			
Submerge Serenade	HARDTECHNO	157			
Substance	PSYTECH FULL ON	130–174			
subtractive	GLITCH STEP	180			
Sugar Drippin'	GARAGE	135			
Sugarplum	MOE CORE	170			
SµG@R RU$#	H4P9Y H@RI>CORE	180			
Summer	DANCE MUSIC	150			
Summer Vacation (CU mix)	TRIP HOP	135			
Summerblue	GAME MUSIC	145			
Summerlights (IIDX Edition)	HARDCORE RAVE	175			
Sun Field	HAPPY POP	152			
SUNLiGHT (IIDX Mix)	TRANCE SPEED	170			
Sunny Day Vibes	FUTURE CORE	185			
Super Duper Racers	HARDCORE	170			
Super Freak	HARDCORE	200			
SUPER HEROINE!!	GENSOU FULLON	186			
Super Rush	HARDTEK	190			
Surf on the Light	ELECTRO FUSION	60–160			
Survival Games	90's ELECTRIC POP	152			
SURVIVOR	GRAVITY POP	150			
suspicions	JAZZ CORE	153			
Swarm Of Scarabs	HOLIC	110			
Sweet Clapper	J-POP	162			
SWEET LAB	LOUNGE HOUSE	120			
Sweet Radar	ELECTRO POP	150			
Sweet Sweet ♡ Magic	HAPPY HARDCORE	180			
Swing My Wonderland	ULTRA JAZZFUNKTION	170			
SWITCH	TECHNO	135			
SWITCH	TECHNO	135			
Sword of Vengeance	HI-SPEED TECHCORE	208			
symbolic	TECHNO	155			
Symmetry	EPIC ELECTRONICA	163			
symptom	DRUM'N'BASS	170			
sync	TRANCE	167			
SYNC-ANTHEM	LATIN EURO	160–166			
Synergy For Angels	ORBITALIC REVOLUTION	160			
T.R.O.L.L.	RAWSTYLE	100–160			
T-REX vs Velociraptor (In the Far east euphoria)	RAVECORE	200			
TA・DA☆YO・SHI	EUROBEAT	160			
tablets	RAVE	180			
Tail Lights	TRANCE	156			
Take It Easy	INSTRUMENTAL	205			
Take Me Higher	SYNTHETIC ELECTRO	144			
Take Me Higher	SYNTHETIC ELECTRO	140			
Take My Life	EUROBEAT	175			
TAKE ON ME	DANCE EXPRESS Hi-speed	169			
Tangerine Stream	AMBIENT	84			
tant pis pour toi	TECHNO	138			
Technicolour Dreams	HDM	170			
TECHNO RUMBLE	SPED UP SCHRANZ	170			
TECHNO Style Essentials	TECHNO	154			
TECHNOPHOBIA	TECH/ELECTRO	152			
Tell me what you wish feat.らっぷびと	ROCK	203			
Temple of Anubis	PSYSTYLE	155			
TEXTURE	DEATH DISCO	130			
THANK YOU FOR PLAYING	ONLY ONE EPILOGUE	45–170			
That Feeling	SPEED HOUSE	150			
THE ANCIENT KING IS BACK	HARDSTYLE	160			
The Best of Both Worlds	EUROTRAPBEAT	160			
The Biggest Roaster	FILTER HOUSE	135			
THE BLACK KNIGHT	GOA TRANCE	154			
THE BRAVE MUST DIE	HARDCORE	215			
THE CANNONBALLER	EUROBEAT	170			
The Chase	TECH BREAKS	142			
The Clown of 24stairs	DISSOCIATIVE IDENTITY DISORDER	204			
The Commanders	HARDSTYLE	150			
THE CUBE	DRUM'N'BASS	178			
THE DAY OF JUBILATIONS	HARD ELECTRIC POP	181			
THE DEEP STRIKER	NU STYLE GABBA	173			
THE DETONATOR	NU STYLE GABBA	173			
The Dirty of Loudness	SADISTIC HARDCORE	165			
THE DOOR INTO RAINBOW	TRANCE	155			
THE EARTH LIGHT	TRANCE	145			
The end of my spiritually	ELECTRONICA	110			
THE FALLEN	GOTH NU-STYLE GABBA	167			
THE F∀UST	PIERROT CORE	170			
The Hope of Tomorrow	CYBORG TRANCE	144			
The Last Apocalypse	NEO-CLASSICAL CORE	190			
THE LAST STRIKER	DRUM & BASS	185			
The Limbo	CYBER PUNK	200			PEAK 조심
The Onlyonez	FRENCHCORE	220			
THE PEERLESS UNDER HEAVEN	HARD MIXTURE	170			
The Rebellion of Sequencer	DJENTCORE	300			
The Revolution (VIP Mix)	HDM	175			
THE SAFARI	WORLD HOUSE	134 (3rd ~ 5th) 150 (6th ~)			
The Sampling Paradise	HARD TRANCE	150			
The Sealer 〜ア・ミリアとミリアの民〜	ELEMENTAL JIG	137–205			
The setting sun (burst)	COMPLEXTRO	140			
the shadow	SCHRANZ	156			
THE SHINING POLARIS	EPIC TRANCE	147			
The Sky of Sadness	WORLD/CONTEMPORARY	138			
The Smile of You	POP	136			
The Story Begins	EPIC TRANCE	150			
THE TIME MACHINE	HARDWAVE/STYLE	155			
the trigger of innocence	ETHNOTRONICA	150			
The Wind of China Express (The 4th Mashup)	THE 4TH	172			
Theory	TRAP	102–146			
Think of me	NORTHERN EUROPE	100			
This Is Club Musik feat. 大久保紅葉	HARD HOUSE	165			
This is Love	CORE POP	175			
(This Is Not) The Angels	BIG BEAT/BREAKBEATS	33–130			
Thor's Hammer	TRANSCENDENTAL ETUDES	150			
thunder	HOUSE	135			
thunder HOUSE NATION Remix	HOUSE	135			
Thunderbolt	RAVERS DANCE SPEED	188			
TIEFSEE	DEEP SPECTRUM	165			
Tiempo Loco	Hi-TECH / PSY CORE	180			
tiger yamato	NOISE POP	150			
Time Distortion pt.2 (IIDX Edit)	PSYCHEDELIC TECHNO	150			
Time is money	JAZZ	110			
Time to Air	DANCE SPEED	191			CHORD 조심
Time To Empress	TRANCE	148			
Timepiece phase II	PROGRESSIVE ROCK	287			
TITANIUM RIDERS	HARDCORE RAVE	172			
TITANS RETURN	DRUMSTEP	194			
Tizona d'El Cid	MPB	265			
To my star	STARPOP	153			
To the Future	CLUB'80s	122			
To The Paradise	EDM	140			
Todestrieb	SACRED TRANCE	185			
TOE JAM	COUNTRY TECHNO	112–160			
TOGAKUSHI	HARD TRANCE	152			
TOKAKU=ALMiRAJ	ORIENTAL MIRAGE	170			
TOMAHAWK	SUPER HARDCORE NOVA	215			
TOMORROW	IIDX EDITION	134			
Tomorrow Perfume	TRANCE	144			
Tonight?	ELECTROCK	135			
Too Late Snow	J-DANCE POP	138			
Tori-no-kimochi	WORLD/ELECTRONICA	135			
TOXIC VIBRATION	MELODIC SPEED METAL	197			
toy boxer	BOXINGCORE	190			
ToyCube Pf.(RX-Ver.S.P.L.)	NEW AGE	120			
Tp-RZ	BREAKBEATS	160			
traces	TRANCE	152			
TRANOID	PSG WORKS	130–190			
Transport	TECH-TRANCE	147			
TRIBAL MASTER	ROCKET BEATS	130			
tricky trick	DUBSTEP	165			
Trill auf G	MUSIC GAMES HARDCORE	188			
TRIP MACHINE PhoeniX	SUPERNOVA2 BEAT #2	80–160			
TRIP THE DEEP	MELODIC TECHNO	135			
Triple Counter	RISK + VACUUM	216			
Triple Cross	MUSIC GAME TRADITIONAL	196			
tripping contact	FREEFORM	182			
Tripping Jumping	FUNKY BREAKS	156			
TRIUMPH	UK HARDCORE	183			
TROOPERS	ULTIMATE CORE	177			
Tropical April	VACATION DANCE	182			
True Blue	ESSENTIALLY	164			
Trust -MATERIAL ver- (IIDX Edition)	CHARACTER SONG	164			
TSAR BOMBA	DRUMSTEP	190			
Turii ~Panta rhei~	ELEMENTAL CHANT	148			
Turning the motor over	LATIN SKA	178			
Twelfth Style	HAPPY EURO PARADISE	160			PEAK 조심
Twilight Warp	CYBER DANCE MUSIC	145			
Twin Bee (Generation X)	EURO BEAT	168–177			
Two DAYS OF LOVE	EUROBEAT	150			
TYPE MARS(G-Style Mix)	PSYCHEDELIC TRANCE	159			
u gotta beat	TECHCORE	180			
U.S.A.	IIDX EDITION	177			
uən	RINASCITA	200	리나시타	RINASCITA	
Uaigh Gealaí	NEURO FUNK / CEILTEACH DORCHA	183			
Übertreffen	PROGRESSIVE BAROQUE	174	Ubertreffen	프로바로	
Ubiquitous Fantastic Ride	ELECTRO LOUNGE	172			
Uh-Oh	CANDY RAVE	175			
ULTiM∧TE	HYPER J-POP FIVE	180			
ULTRA HIGH-HEELS	PARAPARA	159			
Umbral	UPLIFTING TRANCE	138			
UMMU	OSHARave	180			
Unbelief	METAL	135			
Under Construction	BIG BEAT	125			
Under the Sky	J-EUROTRANCE	170			
UNDERWORLD HOLOGRAPHY	DRUM & BASS	187			
UNDO THE NIGHT	EUROBEAT	162			
Unicorn tail	BREAKBEATS TRANCE	170			
UNITE THE HEART	DANCE POP DUET	185			
Urban Constellations	JAZZY FOOTWORK JUNGLE	167			
Usual Days-remix	DANCE POP	130–134			
V	PROGRESSIVE	150			
V2	PROGRESSIVE	150			
V35	TRANCE	148			
Valanga	ART CORE	186			
Valgus	MAINSTREAM HARDCORE	175			
VALKYRIAS -英雄誕生-	HEROIC VALHALLA ROCK	184			
VALLIS-NERIA	TRANCE CORE	185			
VANESSA	DECEPTIVE GABBA	185			NOTES 조심
vault of heaven	ELECTROSHOCK	160			
Vector	TECH CORE	175			
VEGA	UNIVERSAL J-CORE	191			
Venom	JUMP UP/HARDCORE	190			
Ventriloquist	JAZZY STEP	170			
Verflucht	HARD NRG	180			NOTES 조심
Vermilion	HARD HOUSE	143			
Vermilion Carol	GOTHIC PIANO TRANCE	175			
Vermillion	PSYCHE FUSION	152			
Vibing! Shake it!	SOCA/HARD DANCE	160			
VIBRΛ	EMO STEP	176			
Victory Of Ravers	HARDCORE RAVE	178			
Vienna	PIANO AMBIENT	115			
Vinculum stellarum	ANTHEM TRANCE	160			
Violet Pulse	GLITCH ELECTRO	134			
Violet Rose	LATIN JAZZ TRIO	152			
Viridian	NU-NRG	161			
VIRTUAL MIND	HIPHOP HIP HOP	128			
Virtual Insanity	R&B MIX	100			
Virus Funk	PROGRESSIVE DISCO	132			
Visterhv	REBIRTH OUT	191			
Vitamin	SPEED HOUSE	160			
Vitrum	PROGRESSIVE METAL	146			
VIVID DEBUT!	FUTURE CORE	201			
VJ ARMY	ALL MIX	135–160			
voice of echo.	HYPERTRANCE	175			
VØID	EXTREME EXPERIMENTAL	80–170			SOFLAN 조심
VOLAQUAS	EMPYREAL HYDRO ARTCORE	212			
VOLCANIC BIGBEAT	TECH-BIGBEAT	148			
Volcanic Dragon	HARDCORE RAVE	175			
Voltage (feat. Hidemaru)	BIG BEAT	30–125			
voltississimo	VVV	225			
Voo Doo Bamboleo	TRIBAL DANCE	137			
Votania Beat	BEAT MUSIC	185			
Votum stellarum	ANTHEM TRANCE	136–147			
VOX RUSH	ROTTERDAM RAVE	202			
VOX UP	ROTTERDAM TECHNO	202			
Voxane	TECH DANCE	140			
Vulkan	GYPSYCORE	205			
Vulnerability	VARIABLE CORE	167			
WAKE UP NOW	TROPICAL ELECTRO HOUSE	150			
wanna be a "BAD GIRL" feat. Nana Takahashi	FUNK POP	142			
Wanna Party?	PIANO HOUSE	128			
WANNA TELL THAT WORD	US HARD HOUSE	132			
WAR GAME	HIP HOP	93			
Warrior	MAINSTREAM HARDCORE	175			
Watch Out Pt.2	TECH-BREAKBEATS	148			
Watch out!!	HIP HOP	121			
WaterCube Pf.(RX-Ver.S.P.L.)	ETHNO POP	120			
Watermelon Explosion	EXPLO POP	180			
waxing and wanding	DANCE SPEED	191			CHORD 조심
We are Disっ娘よっつ打ち命	DISCO	130			
WE LOVE SHONAN	SURF&DUB	165			
We're so Happy (P*Light Remix) IIDX ver.	HAPPY HARDCORE	185			
Welcome	HARDCORE	170			
Welcome to the Mosh Pit	RIDDIM TECHCORE	172			
WHA	CROSSO-WHA-R	108			
Wheel of Journey	ETHNIC	193			
When I Met U	HYBRID BASSLINE	145			
Why did you go away	LOVERS EUROBEAT	160			
WILD FIRE	EURO BEAT	172			
Wing of Hearts	HYPER HANDS UP	187			
winkle 2 winkle	EURODANCE SPEED	171			
Winner's Proof ft. KANASA from bless4	THEME SONG	100			
WISE UP!	RESORT HOUSE	127			
wish	CUTE POP'S	115			
with me...	ELECTRO	144			
With You	DANCE	150			
with you…	FUNK'N JAZZ HOUSE	135			
With your Smile	J-HOUSE	135			
Without Heaven	VARIABLE ORIENTAL CORE	162			
WOBBLE IMPACT	DUBSTEP	190			
Wolf 1061	PIANO TRANCE	173			
Won(*3*)Chu KissMe!	IIDX EDITION	160			
Wonder Bullfighter	NATURAL SOUND	126			
Wonder Girl feat. Kanae Asaba	EUROBEAT	160			
WONDER WALKER	HARD TRANCE	165			
Wonderful Escape	NU DRUM & BASS	165			
Wonderland	CANDY RAVE GABBER	180			
World Wide Love	POPS	122			
Wow Wow 70's	DISCO	126			
Wuv U	CANDY RAVE	173			
X	RENAISSANCE	180			
X-rated	RETRO RAVE	140			
X-ray binary	TRANCE	150			
XANADU OF TWO	DANCE POP	160			
Xb10r	VOLTENIZED CORE	200			
xenon	ELECTROSHOCK	158			
XENON II ~TOMOYUKIの野望~	ELECTRO SHOCK	160			
Xepher	MEDIEVAL CHOIR	170			
Xerulean	HAPPY HARDCORE	182			
XHRONOXAPSULΞ	CHRONO-SYMPHONIC SPEEDCORE	277			PEAK 조심
XINOBIKILL	CYBER JAZZSTEP	164			
Xlø	NEUTRONIKA	165			
Xperanza	HYBRID HARDCORE	200			
Xyndrome	FRENCHCORE	195			
Y31	RAVE	168			
Yabis Starlight	DIGITAL ROCK	168			
YAKSHA	TERROR CORE	190			
yamabiko (SINOBUZ Edition)	夏の夕暮れと、DUBSTEP。	154			
YELLOW FROG from Steel Chronicle	DESERT ALTERNATIVE EDGE	110			
yellow head joe	TEK-TRANCE	187			
Yellow Sketch(RX-Ver.S.P.L.)	ALTERNATIVE ELECTRO	176			
Yellow Sunrise	DRUM'N'BASS	174			
YESTERDAY	SUPER EUROBEAT	158			
You Were The One	ITALO HOUSE	125			
You'll say "Now!"	ONLY ONE TECHNO	155			
Your Body	HOUSE	125			
Ypsilon	HARD STACC	160			
Yum Yum Jelly	FUTURE BASS	180			
ZED	DUB STEP	190			
ZENDEGI DANCE	ORBITALIC ORIENTAL ELECTRO	160			
Zenith	PLUS ONE	164			
ZEИITH	ARCADE CORE	190			
Zenius -I- vanisher	CYBER OPUS	160			
ZEPHYRANTHES	BLOOM CORE	180			
ZERO-ONE	ELECTROSHOCK	160			
ZEROIN ON THE LIGHT	COLD BEAT	162			
ZETA 〜素数の世界と超越者〜	IDM	90–180			
Zirkfied	SPACE REQUIEM	210			PEAK 조심
ZZ	INTELLIGENCE	154			
100% minimoo-G	SYNTHETIC PROGRESSIVE ROCK	252			
100sec. Kitchen Battle!!	SPECIAL COOKING	178?(표기) 88–178(N),11–178(H)			
10000 MILES AWAY	DRUMSTEP	178			
1001 -ESCAPE-	JAZZ ROCK	147			
1116	BREAKBEATS	190			
19,November	HOUSE	125			
199024club -Re:BounceKiller-	TECH BREAKBEATS	143			
2 Be Continued	DRAMATIC CHIPTUNE	189			
2 Beasts Unchained	HARDCORE	175			
2 Player	BEAT PIANO MUSIC	129–220			
20,november	HOUSE	130			
2002	RAVE	132			
20XX	CYBER BREAKCORE	180			
22DUNK	TECHNO	135			
24h Endurance Race	HARDCORE	183			
24th Century BOY	EURO RAVE	168			
250bpm	GABBA	250			
255	HYPER SPEED RAVE	255			
27th style	HIP HOP	150			
2hot2eat	HINDU SALSA	140–155			
3!dolon Forc3	THE 4th	96–191			
3V0	NEO DANCE SPEED	191			
3y3s	DANCE SPEED	191			PEAK 조심
3y3s(Long ver.)	DANCE SPEED	191			
405nm(Ryu☆mix)	HARDCORE	177			
5.1.1.	PIANO AMBIENT	101			
5.8.8.	PIANO AMBIENT	95			
50th Memorial Songs -Beginning Story-	ANNIVERSARY	135			
50th Memorial Songs -Flagship medley-	ANNIVERSARY	135–175			
50th Memorial Songs -二人の時 ~under the cherry blossoms~-	ANNIVERSARY	160			
50th Memorial Songs -The BEMANI History-	ANNIVERSARY	136			
532nm	HARDCORE	177			
7 Colors	PRISM EURO	156			
808monkey	JUNGLE TERROR	168			
あいつら全員同窓会	J-POP	131			
[ ]DENTITY	FORTUNE OVERTURE	200			
愛包ダンスホール	J-POP	142			
蒼い衝動	J-TRANCE	145			
青の洞窟	AQUARIUM QUARTERSTEP	175			
朱と碧のランページ	ANIMA SONG	178			
アクマフカ	ROCK	135			
朝焼けから始まるボクらの小さな旅	ARTCORE ROCK	100–218			
紫陽花 -AZISAI-	ORIENTAL TECHDANCE	155			
アストライアの双皿	ZODIAC ORACLE 7	173			
アタシ完全絶対正義ちゃん！	ROCK	201			
アタック NO.3	DRAGON' BASS	170			
天邪鬼	HARD DANCE	155			
雨のちパノラマセカイ	SUNNY SKY	178			
妖隠し -あやかしかくし-	DRUM'N'WALTZ	85			
アラビアン ハイパー ナイト	ARABIC TRAP CORE	182			
アルストロメリア	BLOOM FUSION	144			
あるビー! feat.ころねぽち	ピコピコ電波ソング	236			
& Intelligence	MEGA MIX	160			
生きるよすが	J-POP	252			
イグジスター	NIGHT J-POP	176			
ιgniЯRuina	PSALMS OF ASHES	183			
イザナミノナゲキ	WORLD/ELECTRONICA	195			
十六夜セツナ	HYPER J-POP	160			
異心前進♪ぴょんぴょんぴょん	EUROBEAT	170			
いつかオトナになれるといいね。	J-POP	176			
愛しくてラヴィンユー ft. マナ	EURO BEAT	152			
犬に雨傘	FRENCH POP	240			
命の標本	STRANGE WORLD MUSIC	183			
色を喪った街	GREY DISTRICT	166			
うさ☆かめ 大戦争！	プログレッシブ徒競走	210			
ウツシミウツシ	ALTERNATIVE DANCE CORE	175			
梅雪夜	想歌 梅	167			
麗 ~うらら~	WINTER GLOW	155			
栄冠のカンパネラ	TRIUMPHAL MARCH	185			CHARGE 조심
ÆTHER	ASTRAL HARDCORE	190			
駅猫のワルツ	にゃんコア	282			
エクスプロウル	VOCALOID	164			
エコ爺	80's EURO	125			
えだまめカレークッキング	ZUNTSUMU TEETEE	150			
エディブルフラワーの独白	HARD FRENCH	180			
ΕΛΠΙΣ	ROMANTIC SCHOOL VARIATIONS	175			
焔極OVERKILL	HARDCORE	192			
お命ちょうDAI! 901娘	演歌ブレイクス	160			
Ōu Legends	TOHOKU NEURO DENSETSU	191			
おおきなこえで	WORLD/POPS	100			
大桟橋	JAPAN	84–168			
《ORDERBREAKER》	GODSPEED	166			
おーまい！らぶりー！すうぃーてぃ！だーりん！	LOVELY YOUTH	170			
オールトの雲	GALAXY QUEST	215			
お菓子の王国	SPEED CANDY	190			PEAK 조심
お米の美味しい炊き方、そしてお米を食べることによるその効果。	お米タル	190			
御千手メディテーション	御千手メディテーション	150–190			
オッド♡ラヴィ	LOVELY TECHCORE	172			
踊	J-POP	128			
オドループ	J-POP	172			
踊る！福神漬 (CALCUTTA)	INDIE EURO / DANCE	138			
鬼天	ASURA TEK CORE	161			
お願いアインシュタイン	CYBER SYMPHONIC POP	143			
オブソミート	ボカロ	158			
朧	FASCINATION	149			
俺ら東京さ行ぐだ	IIDX EDITION	140			
オルタネイトβ	HYPER J-POP	162			
オレはビートマニア！お前は何マニア？	FUNK	123			
音楽	SILENT	210–520(N, H) 210–360(EX)			
Χ-DEN	ULTI∑ATE COLLABORATION	200			
ガヴリールドロップキック	IIDX EDITION	168			
蛇神	ORIENTAL MYTHOLOGY	170			CHARGE 조심
覚悟せよ！エンタンメ～ン ～より身の切り売り自暴自棄版～	ビックリポップ	141–176			
革命	ORCHESTRAL	83–148			
かげぬい ~Ver.BENIBOTAN~	NATSU MATSURI	186			
陽炎	POP	140			
下弦の月	NEO CLASSICAL DANCE	166			
カゴノトリ ～弐式～	和式電子音楽	140	카고노토리	kagonotori	
禍根	ORBITAL FUTURE BASS	170			
カジノファイヤーことみちゃん	電波	230			
か・し・ま・し☆PUMP UP !	SUMMER WORKOUT	175			
かずあそび	INSANIO	170			
仮想空間の旅人たち	TECHNO	151			
華蝶風雪	ASIAN MIXTURE	199			
合体せよ！ストロングイェーガー!!	NU-NRG	155			
がっつり陰キャ!?怪盗いいんちょの億劫^^;	Hi-メランコリックコア	185			
叶うまでは	ELECTRIC AOR	140			
神様、つれない。	ALTERNATIVE	140			
神のシナリオ	MELODIC DUBSTEP	140			CHARGE 조심
カミロ・ウナ・メンデス	SPANISH COOL	119			
#CMFLG	HARD TRIBAL	155			
鴉	CROSSBREED	190			
カラルの月	NOMADIC NATION	135			
華麗なる大犬円舞曲	CINEMATIC VALSE	60–147			
華麗なる！音戯探偵ひなビタ♫	オトギタンテイ	72–127			
鬼言集	INDUSTRIAL REVIEW	250			
キスキツネ	J-POP	148			
傷つけど、愛してる。	J-POP	180			
きみのせかい	8-BIT MIXTURE	184			
君のハートにロックオン	トレンディーフュージョン	260			
ギャ・ギャ・ギャ・ギャラクシー！	VOCALOID	140			
キャッシュレスは愛情消すティッシュ	K-GROOVE	117–170			
キャトられ❤恋はモ～モク	Hi-ν BLEEP	196			
キヤロラ衛星の軌跡	COSMIC PROG ROCK	150			
きゅうくらりん	VOCALOID	220			
九尾狐夜行	ORIENTAL FUSION	145			
きゅんです。	ROCK	162			
響花水月	HEROIC DRUM & BASS	180			
狂水一華	STYLISH CROSSOVER	160			
鏡像都市	CYBER METROPOLIS	160			
共犯ヘヴンズコード	ELEGANT SWING	219			
共鳴遊戯の華	ASTRAL DRUM & BASS	190			
ギョギョっと人魚♨爆婚ブライダル	Hi-RESORT電波	169			
閠槞彁の願い	DARKSTEP	180			
ぐだふわエブリデー	IIDX EDITION	220			
口カラ凸ゲキ	HUMAN BEATBOX ELECTRO	150			
昏き甲鉄のヴェルガ	FANTASIA	174			
グラナダの風	SPANISH GUITAR	130			
《GRANDMASTER》	TRIUMPH	160			
狂イ咲ケ焔ノ華	Hi-GOTH	206			
クルクル☆ラブ 〜Opioid Peptide MIX〜	FUTURE POP	185			
クレッシェンド	CLASSICAL	180			
紅蓮華	IIDX EDITION	135			
黒髪乱れし修羅となりて	撫子メタル	150			
■□模様	ALTERNATIVE SHIBUYA E-POP	189			
黒紅掬い	SHOWA RETRO	104			
月下繚乱	CYBER YAMATO	170			
月光	J-EUROBEAT	155			
月光蝶	ビジュアル	109–218			
幻想系世界修復少女	J-POP	193			
恋歌疾風！かるたクイーンいろは	ハイスピードラブ一首	120–168			
恋する☆宇宙戦争っ!!	HI-BLEEP	200			NOTES 조심
恋は白帯、サンシロー	KANA-POP	175			
恋はどう？モロ◎波動OK☆方程式！！	理系ポップ	128			
高高度降下低高度開傘	SYMPHONIC TECHNO	150			
光風霽月	ORIENTAL Hi-TECH FULL ON	160			
ここからよろしく大作戦143	ROCK	184			
コスモス	J-POP	148			
こっちを向いてよ	SOUL	128			
子供の落書き帳	PROGRESSIVE	280			
今宵、ロマンス横丁。	和風歌謡硬核音楽	168			
金野火織の金色提言	音ゲー賛美歌	225			
罪過の聖堂	PIANO CONCERTO	40–165			
最強頂戴girl♡	TWINKLE POP	206			
最小三倍完全数	ピタゴラス的不完全性破壊衝動音律(ハンマーによる)	55–440			
逆月	JAPANESQUE	280			
桜	SPIRITUAL	13–320			
サクラあっぱれーしょん	IIDX EDITION	140			
炸裂！イェーガー電光チョップ!! (JAEGER FINAL ATTACK)	HARDSTYLE	159			
サヨナラ・ヘヴン	WORLD/ELECTRONICA	111			
サヨナラ・ヘヴン-Celtic Chip Dance Mix-	BEMANI 8BIT COLLECTION	111			
#The_Relentless	DUBCORE	170			CHORD 조심
≡+≡	NIGHTCORE	182			CHORD 조심
残像ニ繋ガレタ追憶ノHIDEAWAY	HYPER DIG!ROCK	160			
時空トラベローグ	TIME TRIP JAZZ	234			
獅子霞麗ノ舞	DRAMATIC WALTZ	100			
雫	LAMENTO	95–210			
シティ・エンジェル	TRANCE	145			
疾風迅雷	ORIENTAL CORE	180			PEAK 조심
死神自爆中二妹アイドルももかりん(1歳)	電波METAL	210			
忍恋花	忍歌	189			
シムルグの目醒め	NATURE	190			
〆	HiTECH	160			
灼熱 Pt.2 Long Train Running	BROKEN SAMBA BREAK	165			SCRATCH 조심
灼熱 Lost Summer Dayz	DRUM'N'BASS	168			
灼熱Beach Side Bunny	BROKEN SAMBA BREAK	153			SCRATCH 조심
シャムシールの舞	バトルダンス	100–155			
終焔のClaudia	HARD RENAISSANCE	90–185			
終末を追う者	JUDGMENT	185			
シュッパツシンコウ・シサカンコ	KANA-POP	182			
シュレーディンガーの猫	TOY CONTEMPORARY	187			
次葉 -turn the page-	POP ROCK	152			
唱	J-POP	132			
純真可憐デザイア	EMOTIONAL ROCK	182			
消極的セツナイズム	ROCK	145			
少女アリスと箱庭幻想コンチェルト	空想ファンタジーシリーズ	134			
湘南ロンリーMIDNIGHT RAIN	歌謡ニューウェーブ	165			
情熱タンデムRUNAWAY	爆走EUROBEAT	177			
少年A	POST RENAISSANCE	90–192			
少年は空を辿る	ムラクモ	140			
少年リップルズ	EMOCTRO	210			
昭和企業戦士荒山課長	テクノチョップ	132			
白露の風	想歌 風	166			
深愛のリグレット	PIANO J TRANCE POP	145			
深淵に捧ぐレクイエム	CYBER REQUIEM	175			CHARGE 조심
神謳 -RESONANCE-	Hi-MYTH	180			
真 地獄超特急 -HELL or HELL-	新世紀進歩的羽扇子音楽	165			
新時代	IIDX EDITION	175			
新宝島	IIDX EDITION	149–158			CHARGE 조심
進捗ダメダメです	J-POP	156			
シンデレラ	DRUM & BASS	178			
水鏡の異界	JAPANESE TECH BREAKS	168			
水上の提督(Short mix from "幻想水滸伝V")	WORLD/ELECTRONICA	140			
衰色小町メランコリア	NEO CLASSICAL DANCE	139			
スーパー戦湯ババンバーン	オンセン♨ヒーロー	187			
スキッテイエェエエェ!!!!	Hi-ラブコメPOP	200			NOTES 조심
スパークリング☆彡ハイパーチューン！！	EUROBEAT	177			
隅田川夏恋歌	A.I.デイトポップ	180			
聖人の塔	BATTLE TRACK	97–194			NOTES 조심
晴天Bon Voyage	スウィートロニカ	230			
世界の果てに約束の凱歌を -ReUnion-	BRAVE ANTHEM	200			
セカンドピアス	GIRLS ROCK	138			
雪月花	HARD HOUSE	151			
雪上断火	HIP ROCK 3	105–180			
セピアの軌跡 ft. 天宮みや(少女フラクタル)	MS J TRANCE POP	158			
零 -ZERO-	HYPER J-POP ZERO	180			
セロトニン	ORBITALICTRO	150			
センチメンタル・サマー	CITY DANCE POP	136			
閃と雷管とロープ	PIANO ROCK	165			
千年ノ理	WORLD/ELECTRONICA	153			CHORD 조심
旋律のドグマ ～Misérables～	JUVENILE DRUM'N'BASS	192			
全力 SPECIAL VACATION!! ～限りある休日～	HAPPY VACAY CORE	170			
草原の王女 -軌跡を辿って-	JOURNEY SCENE	142			
ぞうしょく！？マイデンティティ	バーチャルマルチコア	200			
創世ノート	CREATOR	200			
走馬灯 -The Last Song-	SOLDIER'S BALLAD	68–85			
即席！脳直★ミュージックシステム	AKIBA-POP	197			
天泣	PROGRESSIVE	150			
それが、ボクの使命～レスキュー隊長 メンキュー～	EMERGENCY CORE	180			
それは花火のような恋	Hi-歌謡コア	182			
∀	RENAISSANCE	180			
太陽～T・A・I・Y・O～	CYBER J-EURO	155			
太陽SUNSUNボンジュールアバンチュール	PIECED SUNDAY	140			
たからもの	POPS	182			
抱きしめてモナムール	Hi-歌謡コア	190			
多極性ニューロンの崩壊による人間の末路	PROGRESSIVE METAL	165			
タシカナモノ	POPROCK	180			
打打打打打打打打打打	JAPANESE TRADITIONAL	156			
旅人リラン	ELECLORE	155			
たまゆら	PROGRESSIVE	180			
断罪の一花	J-POP	185			
タンポポ	ROCK	206			
弾幕信仰	HARD ORIENTAL	170			
チェイスチェイスジョーカーズのうた (オニスタイルリミックス)	ウラシュダイカ	185			
中華急行	HAPPY HARDCORE	171			
ちゅ、多様性。	J-POP	150			
超!!遠距離らぶ♡メ〜ル	乙女EDM	130			
ちょえちょえまぎか	ROCK	180			
ちらちら・はらはら	ACEDIA	180			
超青少年ノ為ノ超多幸ナ超古典的超舞曲	PIECED EUPHORIA	150			
追想快晴テーマパーク	FUTURE E-POP	170			
津軽雪	MICHINOKU	160			
月とミルク	CHIPBREAK POP	190			
月と夢の跡 ft. マナ	J METAL×DANCE POP	160			
月雪に舞う華のように	FOREST SNOW	70–125			
翼	J-TRANCE	148			
罪と罰	HYPER J-POP	144			
ディスコルディア	CROSSOVER	180–280			CHARGE 조심
ディッシュウォッシャー◎彡おいわちゃん	ネオスカ電波	210			
天空脳番長危機十六連打	RAGE AGAINST EMPRESS	150			
鉄甲乙女 -under the steel-	IRON CONCERTO	160			
デッドボヲルdeホームラン	ELECTRIC MANOUSH SWING	145			
デビルじゃないもん	IIDX EDITION	154			
デモーニッシュ	J-POP	140–200			
デラむぅのでらっくす☆どり～む	だんすむぅ～じっく	140			
Τέλος	幻想音樂	202			
天空の夜明け	ANTHEM	150			
電光	BUCHIAGE TRANCE	165			
.59	CHILL OUT	123–135			
天国のキッス ～D.J.TAKA'S STYLE～	EURO TRANCE	150			
電子になりたい	HYBRID DANCE MUSIC	158			
天使のカンタータ -Cantata of Angels-	ANTHEM	158			
Ｘ↑Ｘ↓	新世紀進歩的羽扇子音楽	172			
電人、暁に斃れる。	NU-NRG	165			
電人イェーガーのテーマ (Theme of DENJIN J)	NU-NRG	155			
デンドロビウム	BLOOM FUSION	110–144			
電腦都市	BREAKCORE	240			
東京神話	ORBITALIC GABBER STEP	196			
童話回廊	空想ファンタジーシリーズ	262			
ドッキン☆サマーあばんちゅーる	ドタバタ☆夏休み	180			
ドゥサンコオデッセイ!!	CHIPTUNE FUSION	160			
突撃！ガラスのニーソ姫！	電波	185			
轟け！恋のビーンボール！！	ベースボールヒロイン	180			
トリカゴノ鳳凰	歌謡 DRUM & BASS	185			
取り残された美術 (Arranged:HiZuMi)	HYPER J-POP	160			
ドリムチウ	HARDCORE TECHNO	170			
とろぴかる倶楽部	TROPICAL	120			
どんなときも。	J-REVIVAL	160			
ナイトシティー·アヴァンチュール	歌謡ニューウェーブ	170			
ナイトフィクション	ALTERNATIVE	163			
ないないルーティン	SPEED HOUSE	148			
IX	BLOOD METAL	198			
†渚の小悪魔ラヴリィ〜レイディオ† (IIDX EDIT)	Hi-CORE	190			
嘆きの樹	CONTEMPORARY	160			
夏色DIARY -L.E.D.-G STYLE MIX-	HAPPY SUMMER CORE	190			
夏色のセレナーデ	OMOIDE CORE	175			
夏風邪デスコ	SUMMER POP	165			
夏の匂い。キミの残像。 ft. Kanae Asaba	Re 90's J-DANCE POP	161			
涙のテ・エストラーニョ・ムーチョ	Hi-歌謡タンゴ	187			
虹色	LOVELY TRANS POP	160			
虹色の花	LIGHT-VISUAL POP	170			
廿	新世紀進歩的羽扇子音楽	120–160			
寝起きヤシの木	IIDX EDITION	160			
眠りの国のステラ	空想ファンタジーシリーズ	193			
ハードベース・フェスタ	A-STYLE RUSSIAN HARDBASS	158			
パーフェクトイーター	ROCK	175			
ハイテックトキオ	ハイテックトキオ	165			
ハイ*ビスカス ft. Kanae Asaba	YANKEE CAR J TRANCE	157			
ハオ	J-POP・VOCALOID	130–176			
好吃来世deエレクトリック	ALTERNATIVE	144			
儚キ戀ノ幻想譚	和風歌謡硬核音楽	175			
儚き恋の華	BLOOM ROCK	162			
爆ゼニ☆がってんワーカー	勤労☆電波	195			
P A S T E L I S M	KAWAII FUTURE BASS	165			
伐折羅-vajra-	KUDOS CORE	173			
刃図羅	LAST ARTS	165			
バスルーム ロマンス	CLASSIC MOTIF	155			
爆ぜりゃんせ	繚乱呂句	172			
果たせぬ約束 ft. 小林マナ	CHINA SQUARE DANCEPOP	164			
バッドエンド・シンドローム	PIANO CHRONICLE	126			
バッド・スイーツ、バッド・ドリーム	.+:☆ BAD FUTURE ☆:+.	220			
花冠 feat.Aikapin	SOCA	83–180			
花吹雪~IIDX LIMITED~	JAPANESE ALTERATION	150			
華爛漫 -Flowers-	HYPER JAPANESQUE 2	160			
バ→ビ→ブ→Bomb!	電波ソング	175			
パ→ピ→プ→Yeah!	電波ソング	160			
バビロニア	DISTORTED NEW AGE	164			
バブリン	J-POP	198			
パラドキシカル・タイムリープトライアル (Short Ver.)	AKIBA-POP	188			
ハリツヤランデヴー	HOU-ROCK	143			
ハルイロメロディー	AOHARU MELODY	166			
バンブーソード・ガール	J-SPEEDMETAL	208			
ピアノ協奏曲第１番 "蠍火"	DIRGE	165–188			
ピアノ独奏無言歌 "灰燼"	THRENODY	100–200			SOFLAN 조심
焱影	HIP HOP	136			
¡Viva!	TRIBAL HOUSE	135			
ビビッド ☆＋＊。キラキライム	ハピコア	191			
ビビデバ	J-POP	120			
ヒマワリ	J-HAPPY HARDCORE	185			
卑弥呼	ESOTERIC SPEEDCORE	83–185			PEAK 조심
百恋ラブラスター	KAWAII POP	160			
ビューティフルレシート	HAPPY HARDCORE	196			
表裏一体！？怪盗いいんちょの悩み♥	Hi-FUNK BREAKS	165			CHORD 조심
開きたまえ！Next stAge！	CHARACTER SONG	200			
不死身ごっこ	ボカロ	147			
ファイナルレター	MELODIOUS WATER PIANO	205			
フェイクアウト	ROCK	215			
フェティッシュペイパー～脇の汗回転ガール～	モッシュ	110			
フォニイ	IIDX EDITION	170			
二人ノ廃城幽踊宴	SPUKWALZER	280–316			
不沈艦CANDY	HARDCORE	188			
冬椿 ft.Kanae Asaba	HYPER ENKA POP	155			
⁽⁽ଘ( ˙꒳˙ )ଓ⁾⁾ beyond reason	ROMANTIC SCHOOL VARIATIONS	174			
《PL|RAYER》	ASCENDING TOGETHER	180			
ぷろぐれっしぶ時空少女！うらしまたろ子ちゃん！	ぷろぐれっしぶ電波	175			
閉塞的フレーション	ROCK	176			
紅牡丹	J-CORE	181			
ベラ・ベ・カラベラ	TERRORCORE/RAP	150			
ベンガル vs. アムール Battle	BOLLYWOOD CORE	165			
烽火連天の刃	CYBER TAIGA	190			CHARGE 조심
牧神笛吹きて	ZODIAC ORACLE X	157			
星屑ディスタンシア	GLITCH JAZZ	110			
星をこの手に	J-POP	165			
ポチコの幸せな日常	わんわんコア	192			
ポラリスノウタ	FUTUREBASS	170			
マーシャル・マキシマイザー	IIDX EDITION	190			
-65℃	WHITE OUT	186			
マインド・ゲーム	青春剛速球メタル	180			
#MAGiCVLGiRL_TRVP_B3VTZ	NEON/TWERKCORE	100			
マチ子の唄	EDUCATION	152			
マツケンサンバII	IIDX EDITION	127			
摩天楼	VAHALLASTEP	172			
真夏の花・真夏の夢	HOUSE	130			
魔法のかくれんぼ	FANTASY TOYPOP	178–208			
まほろば	J-DANCE POP	149			
真夜中のバベル	HOUSE	140			
曼荼羅恋々	GOTHIC CORE	198			
未完成ノ蒸氣驅動乙女	ORBITAL STEAMPUNK	170			
ミストレス・アンには花束を	ELECTRONICA	135			
禊	HARD PSY TRANCE	160			
ミッドナイト☆WAR	BEMANIZED ROCKCORE	156			
水無月の雫 ft. 小林まな	-和- EURO TRANCE	167			
見習い天使と星降りの丘	空想ファンタジーシリーズ	174			
ミュージック・アワー	IIDX EDITION	165			CHORD 조심
ミラージュ・レジデンス	FUSION	144			CHARGE 조심
未来のプリズム	STARPOP	132			
魅惑のYUMMYスイーツ	TWINKLE POP	208			
無意識のフィロソフィア	HARD TRANCE	160			
霧幻メモリア	LAST FRONTIER	150			
無双	SENGOKU LEGENDS	180			
冥	HUMAN SEQUENCER	66–200			SOFLAN 조심
明鏡止水	禅ジャズ	290 (208–290)			
めいさいアイドル☆あいむちゃん♪	電波デステクノ	160			
メイメツ、フラグメンツ	CYBER SYMPHONIC POP	157			
めうめうぺったんたん！！ (ZAQUVA Remix)	HYPERACTIVE HELLCORE	185			
めでてえ	ハッピースピードコア	240			
もっと！モット！ときめき feat. 松下	きらめきコア	185			
野球の遊び方 そしてその歴史 〜決定版〜	野球のことがよくわかる	150			
山岡晃の「クイズ！家事都合！」	ポップス	148			
夕焼け ~Fading Day~	AURAL ADRENALINE	174			
ユミル	SYMPHONIC-TEK	164			
夢縁	JUVENILE PIANO ROCK	162			
酔いどれ知らず	IIDX EDITION	115			
ヨシダさん	TECHNO	150			
夜のサングラス	METAL HOUSE	125			
雷君	EDGE	181			
ラキラキ	LUCKY TECHNO	165			
ラクエン	REGGAE	99–198			
ラクエン Feat.Chiharu Chonan -JAKA respect for K.S.K Remix	TECHY FREEFORM	99–198			
楽園追放	ALTERNATIVE	239			
ラストセンチュリーメランコリック	FUTURE J-POP	170			
ラブキラ☆スプラッシュ	HYPER POP	152			
ラブコメトキドキシリアス	Hi-ROM COM	224			
ランカーキラーガール	KILLER PUNK	200			
乱膳の舞姫	BALKANIC ROCK	171			
リグレット	EURO TRANCE	155			
リメンバーリメンバー	RAINY WALTZ	182			
龍王の霊廟(Mausoleum Of The Primal Dragon)	RETROSPECTIVE EPIC MUSIC	144			
龍と少女とデコヒーレンス	EPIC TECHNO	165			
量子の海のリントヴルム	エピックプログレ	280			
繚乱ヒットチャート	ネガメロック	192			
リリーゼと炎龍レーヴァテイン	OLDSTYLE GAMEMUSIC	200			
凛として咲く花の如く	撫子ロック	163			
輪廻の鴉	SPIRITUAL CORE	198			
累乗のカルマ	PIANO ROCK	178			
流桜ノ門	SCI-FI CHRONICLE	172			
令和 (1991RAVE REMIX)	RAVE	148			
レインボウ・フレーバー	ELECTRO SHERBET	140			
黎明の情	歌謡エレジヰ	210			
レシピのリドル	ガールズティーパーティー	245			
れとりば！	KAWAII DOGGO POPS	180			
恋愛=精度×認識力	HARDCORE×ソフラン×変拍子×萌え	3–333 [BPM]			SOFLAN 조심
恋愛観測	HAPPY LOVEGAZER	188			
恋愛レボリューション21 -秋葉工房mix-	EUROBEAT	158			
煉獄コンフィチュール	ROCK	236			
煉獄のエルフェリア	HARD SYMPHONIC	183			
ロマンシングエスケープ	SYNTHWAVE POP	132			
ロミとロボの宇宙飛行	ARTCORE	172			
惑	ASIAN CROSSOVER	110			
惑星鉄道	PROLOGUE	10–166			SOFLAN 조심
惑星☆ロリポップ	ANIMTRIBE POP	180			
海神	HYDRO CORE	159			CHARGE 조심
罠	DRUM'N'ROCK	180			
ワルツ第17番 ト短調 "大犬のワルツ"	VALSE	(노멀)190–290 (하이퍼)220–310 (싱글 어나더)230–320 (더블 어나더)220–350			SOFLAN 조심
CaptivAte 〜裁き〜(SUBLIME TECHNO MIX)	SUBLIME TECHNO	160			
Clione (Ryu☆ Remix)	THE 4TH	148			
Colors -Y&Co. Eurobeat Remix-	EUROBEAT	155			
Cyber Force -DJ Yoshitaka Remix-	BUCHIAGE TRANCE	148			
era (step mix)	DRUM'N'BASS	90–180			
Fly Above (Vicissitude Remix)	DREAM DRUM'N'BASS	150			
I Was The One (80's EUROBEAT STYLE)	EUROBEAT	142			
Inner Spirit -GIGA HiTECH MIX-	NEO HiTECH FUTURE	150			
jelly kiss -Midihead's Smack Mix-	HARD HOUSE	135			
LASER CRUSTER (IGNITE REMIX)	DRUM & BASS / HYBRID TRAP	152			
Let The Snow Paint Me -Y&Co. Remix-	TRANCE	130			
LUV TO ME (UCCHIE'S EDITION)	EUROBEAT	160			
Mermaid girl -秋葉工房mix-	EURO BEAT	150			
NEMESIS -gratitude remix- IIDX Edition	DRUM'N'BASS	175			
Programmed Sun (xac Antarctic Ocean mix)	UPLIFTING TRANCE	144			
RISLIM -Remix-	ELECTRO 2 STEP	130			
S!ck (Nhato Remix)	HARDCORE	177			
smooooch・∀・ (Snail's House Remix)	CANDY RAVE BASS	177			
SOLID STATE SQUAD -RISEN RELIC REMIX-	LIFE STREAM	186			
spiral galaxy -L.E.D.STYLE SPREADING PARTICLE BEAM MIX-	PSYCHEDELIC TRANCE	154			
THE SHINING POLARIS(kors k mix)	UK HARD CORE	172			
Timepiece phase II (CN Ver.)	PROGRESSIVE ROCK	287			CHARGE 조심
Votum stellarum -Hommarju Remix-	UK HARDCORE	154–175			
WISH(EUROBEAT MIX)	EUROBEAT	180			
ピアノ協奏曲第１番 "蠍火" (BlackY Remix)	PDM	160			
合体せよ！ストロングイェーガー!! (Ryu☆ remix)	HARD DANCE	155			
灼熱Beach Side Bunny (Masayoshi Iimori Remix)	NRG	150			
灼熱Beach Side Bunny (かめりあ's "Summertime D'n'B" Remix)	BROKEN SAMBA DRUM'N'BASS	174			
2 tribe 4 K	TRIBAL	140			
Around The Galaxy	UPLIFTING TRANCE	145			
Beyond The Earth	WORLD/ELECTRONICA	140			
CaptivAte2〜覚醒〜	NOSTALISH REQUIEM	160			
DEEP ROAR	SUPER RAVE BEAT	165			
HYPE THE CORE	GABBA	190			
kors k's How to make OTOGE CORE 「LONG」	CHANNEL K	124–190			
New Castle Legions	DYSTOPIA	120–180			
Rising in the Sun (original mix)	UK HARDCORE	172			
satellite020712 from "CODED ARMS"	HARD HOUSE	154			
State Of The Art	TECHNOTRONICA	155			
SWEETEST SAVAGE	HIP HOP	114			
Y&Co. is dead or alive	90's RAVE	145–876			
ミッドナイト堕天使	TRENDY TECHNO	150			
泰東ノ翠霞	JAPANESE POPS	180			
Abyss	INTELLIGENCE	142			
Abyss -The Heavens Remix-	TRANCE CORE	171			
1st Samurai	お江戸テクノ	175–200			
Artist	MYSTICAL HARD DANCE	165			
DRUNK MONKY	MINIMAL	145			
FLOWER	TRANCE CORE	173			
HELL SCAPER -Last Escape Remix-	GABBAH	180			
HEROES	HARD MIXTURE	185			
IMPLANTATION	GOA TRANCE	145			
KING	IIDX EDITION	166			
Monopole.	ARTCORE ROCK	201			
PENDUAL TALISMAN	SYSTEM BGM	150–160			
The Least 100sec	PROGRESSIVE	200–264			
グッバイ宣言	IIDX EDITION	170			
シル・ヴ・プレジデント	J-POP	176			
ベィスドロップ・フリークス	A-STYLE DRUM STEP	179			
神っぽいな	IIDX EDITION	142			
錬成人間トリコロイダー	特撮ハードコア	190			
